latitude,longitude,cluster,id
0.0956441482601349,0.9128053517104698,42,1
0.7232037818273964,0.2401162101630894,18,2
0.4327934162971685,0.6580564124794007,1,3
0.33692898044579955,0.5896534943146683,9,4
0.9139869997207448,0.3021070106421343,35,5
0.9238113991863397,0.723970430502952,20,6
0.5735267509005189,0.006338910226902,10,7
0.8073601133330452,0.6478111709367131,27,8
0.3555395542152162,0.930741350423092,28,9
0.2568903711725188,0.8306980550635454,13,10
0.3797941653835517,0.5500421851803455,9,11
0.17884517804419975,0.7432414456927606,5,12
0.7090024815890068,0.5599468671871256,0,13
0.6933969807001663,0.03940246992734861,14,14
0.2562455471872527,0.6952824273903259,34,15
0.05315061402554466,0.8796638791342944,21,16
0.9828648228934318,0.7254916362119496,20,17
0.4354105365431762,0.5676220657382768,36,18
0.6358851635358711,0.868353992592725,17,19
0.4313736190731978,0.09416794431530437,37,20
0.5427052003252246,0.7802571641828788,44,21
0.5108823019765216,0.14357672816646413,10,22
0.026480221804892068,0.42160965767608505,45,23
0.8703820100933406,0.07524166106744923,22,24
0.6505274737097881,0.2286902084034005,18,25
0.31722588776217986,0.11712419674814764,25,26
0.7743236320977172,0.3782845013860149,16,27
0.028311766559128593,0.5233032566023187,3,28
0.5531822647681794,0.2387162232092693,2,29
0.22333964626505498,0.9239216766946302,13,30
0.9199252101075999,0.005277800564207652,22,31
0.5020236371165554,0.053216811457904245,10,32
0.4774150069887355,0.7032035628321781,1,33
0.3689863294948488,0.9526384722804296,28,34
0.9291666102273837,0.363965747946407,23,35
0.8701612796111213,0.8725783171198314,4,36
0.18015177800368853,0.6053821332384971,34,37
0.6016338091018918,0.25296815148976093,18,38
0.5762607005177278,0.7946033118268567,44,39
0.19065257953802384,0.18359945339732867,29,40
0.32123140247717696,0.1465823627345806,25,41
0.2975069311553815,0.08958229111842461,25,42
0.9266636725859669,0.2589840697664074,35,43
0.2624625197961583,0.9777160409832734,28,44
0.32688810730948514,0.9888632820402107,28,45
0.8272817633721008,0.3282910827939751,35,46
0.15093126318075978,0.15566292963884257,29,47
0.7779769132391268,0.7825129816090969,12,48
0.827185653161111,0.374126933614229,16,49
0.649543736521446,0.9510994577809658,17,50
0.42996146475167496,0.11967024224732539,25,51
0.5180878131502542,0.9639788506534311,39,52
0.5553727296543984,0.5779091085650502,31,53
0.5766783528020758,0.9743009224627589,17,54
0.06222758917350557,0.027872623162322724,7,55
0.15797523366404764,0.916321956520593,42,56
0.887209646165732,0.9315838103337334,46,57
0.6522804147978443,0.6055445373679773,0,58
0.5988039197069082,0.5875342901183572,30,59
0.7140386072213465,0.6873477784779074,12,60
0.7489551663381935,0.17352923003246776,6,61
0.4977631392625872,0.11249157682844696,10,62
0.6801139246087917,0.20985512667134157,18,63
0.3307667594916541,0.5827262939657953,9,64
0.07716339745087542,0.13829093377931231,7,65
0.030285155893603033,0.8511505671140913,21,66
0.11454928181938229,0.7182953059512528,5,67
0.9809160517999524,0.9279398096425667,46,68
0.6749582470933246,0.6044358454861084,0,69
0.1094612644124,0.534460451839778,3,70
0.2299473247442556,0.9924788664916099,28,71
0.004750967188060784,0.27315488372318186,7,72
0.9375482419702781,0.4163637492542043,23,73
0.012165000176824314,0.6967731386244478,47,74
0.5166883940823457,0.5047983883696142,24,75
0.6162810013930393,0.9024473074473301,17,76
0.979760687437345,0.1616410582885288,43,77
0.3329268601975581,0.33082823668917916,11,78
0.1945725215798042,0.3517250054861746,19,79
0.03734326785164033,0.35861679791300305,41,80
0.5637506665659426,0.32451605965545993,40,81
0.13979938139163295,0.39953402171834906,19,82
0.6974277316502748,0.6752168424138292,12,83
0.41859349905552445,0.8127068080206168,38,84
0.6403405145811965,0.864053032298783,17,85
0.9163867827368586,0.7843848678846623,20,86
0.9907152742745371,0.6089083775967371,8,87
0.32113275014078724,0.7680443061542207,38,88
0.5444241072410696,0.21196421226745701,2,89
0.37027804467392667,0.2002876454488062,25,90
0.0833305866841112,0.9268959249702492,42,91
0.325034448779836,0.31716823070958267,11,92
0.46393762371651626,0.6197548856744665,36,93
0.8013682832644502,0.5722201601198443,0,94
0.11784551993539605,0.37818016837095925,19,95
0.6428268194532034,0.7565866892875784,12,96
0.7391107937974635,0.9947824993739015,33,97
0.4030234978792544,0.7218635814353443,1,98
0.8965498733995201,0.20636979860741708,35,99
0.8362631318338689,0.5858100934638476,27,100
0.6607157606599845,0.7336726281532115,12,101
0.3753629886115242,0.054162150802937487,37,102
0.9290284634081507,0.8513267830724528,20,103
0.5491799820994494,0.04649839853708815,10,104
0.6985111906863128,0.47643369716412,0,105
0.5202297642649354,0.4217570088988015,24,106
0.49438810513737863,0.11784544683619516,10,107
0.24669062032562472,0.9026559108240745,13,108
0.27834001310392686,0.7672818597422519,13,109
0.054277897083944815,0.17985018498956643,7,110
0.6635597518166367,0.36383006568464593,40,111
0.7416012061312429,0.424381106486708,16,112
0.714362842510095,0.7944648253727786,12,113
0.144600083440805,0.185074949071485,29,114
0.8820956694626316,0.865874770110347,4,115
0.9807809089271728,0.3987476503020001,23,116
0.2552007453416065,0.7704368332897658,13,117
0.6066618157255386,0.37486038824240364,40,118
0.267251427961984,0.6175919849704359,34,119
0.12580203623950492,0.0996252319174184,29,120
0.5028299992757681,0.45428896128279184,24,121
0.5405611604803138,0.6450903012082737,31,122
0.012602935265778825,0.1336354365984291,7,123
0.549777164310755,0.3853732104887466,40,124
0.023263498902957203,0.5267999231466615,3,125
0.30751325260997486,0.7338976459102942,38,126
0.6950608869031472,0.737093601437307,12,127
0.8434980051838377,0.42152972386908727,16,128
0.21471982678592294,0.8063937171197006,13,129
0.8738725918413284,0.3260271931936518,35,130
0.5300518683971331,0.05778679001263909,10,131
0.21288299524668375,0.9826564629008386,28,132
0.44387488740171044,0.9076918933958226,39,133
0.8667079869930037,0.19261537425438943,6,134
0.48822457703195976,0.12521955640772328,10,135
0.8426448183360185,0.9220913434449783,4,136
0.34564233031314284,0.7485610295881897,38,137
0.3717365449110739,0.12237210829877093,25,138
0.3949043329623825,0.9791986862322047,28,139
0.39093125326701283,0.7451187308193545,1,140
0.15913842519679378,0.6185084681992036,34,141
0.4668837597696234,0.739308431584611,1,142
0.7268581750226861,0.9526298707035395,33,143
0.883478268438588,0.9052618006244285,46,144
0.10219978684191844,0.21929992046159327,7,145
0.7780801587713251,0.1680854623028136,6,146
0.5112983767426469,0.17746664227918998,2,147
0.33278269089974977,0.8192457829262471,38,148
0.24407985287035938,0.7968084935811575,13,149
0.2115027059894743,0.9053207577434049,13,150
0.4779384750253062,0.8494556902558641,44,151
0.1603404083209128,0.20643079779268156,29,152
0.2461143494297504,0.11917512393356561,15,153
0.6028998566606463,0.5191867250820547,30,154
0.44277600990005794,0.004228649300728471,37,155
0.7285405101230378,0.6507914723343935,12,156
0.9080735140189589,0.1801266450947601,35,157
0.6254456001719477,0.8676632650301209,17,158
0.1573918502581968,0.60327861196545,34,159
0.7557164968400159,0.0196527336781131,14,160
0.05440591461386379,0.15699072142236,7,161
0.8129998265259166,0.8052244384547934,4,162
0.9711049608109761,0.9454457161556556,46,163
0.581649859706844,0.4723072105111932,24,164
0.3892518906882003,0.6514831302262072,9,165
0.27998089162985806,0.10691187484546552,25,166
0.3753305022102831,0.6768062278900818,9,167
0.06358351890065794,0.5842562812814539,3,168
0.1709321634379739,0.9441267256480222,42,169
0.4393305001817609,0.997535216794729,28,170
0.7886843121817755,0.1966055782080591,6,171
0.5645391615450128,0.3825045339758266,40,172
0.12893034476698073,0.8198949495827201,5,173
0.9463832831064378,0.35537741908002485,23,174
0.9789828233067617,0.43947120365510295,23,175
0.38188407163041926,0.5561479396280099,9,176
0.9466374099477708,0.5144723583039749,8,177
0.07036149523013169,0.46556277674881286,45,178
0.08205872594172359,0.33882183723323656,41,179
0.45806141689081414,0.510321958535899,36,180
0.1325959739594742,0.7062653854809926,5,181
0.369236749247861,0.6672775418929481,9,182
0.8135988642845655,0.6273893743955067,27,183
0.7950327621662021,0.09572246986409844,14,184
0.13737074728608967,0.09088733146114827,29,185
0.2829751672350955,0.3941548910281434,11,186
0.9351732525111291,0.9011170880807465,46,187
0.6582176681270138,0.6821456414947177,12,188
0.8554916628134972,0.6095554872408181,27,189
0.20770714247243482,0.08879976542361925,15,190
0.9697603714968812,0.3078887866841423,35,191
0.9947761640970834,0.986775561079359,46,192
0.2675079624776542,0.16900806068060129,26,193
0.6739091829023911,0.6018466428669457,0,194
0.2356469838799704,0.40245827963544367,11,195
0.3349052297175339,0.3380135671058322,11,196
0.4006072939302108,0.16693547955946955,25,197
0.46168298094044946,0.7613315501271043,1,198
0.24995114109588012,0.5010559563199053,32,199
0.395531400017628,0.5693209820912183,9,200
0.9966460016253738,0.46784946256560156,23,201
0.8140752399823956,0.992307646641268,33,202
0.05402954298701168,0.4260620787073873,45,203
0.7054079283932779,0.2709964203834171,18,204
0.11861623042817548,0.3291367241075367,41,205
0.7210073358783857,0.16389046601597476,6,206
0.8211294695361406,0.61312963458944,27,207
0.7825163707036769,0.5645378783556225,0,208
0.5887023873698158,0.5378607068418404,30,209
0.3204269796609065,0.638490081490122,9,210
0.7980057190463796,0.7010536728182851,27,211
0.3165382709675235,0.9597521811665252,28,212
0.27458027139857766,0.27048037831314486,26,213
0.13971504296639026,0.35669102501874095,19,214
0.015529544490068048,0.8558221350652558,21,215
0.23490185742475056,0.19978144139788453,26,216
0.728780457579405,0.7951625185340147,12,217
0.8947117578457586,0.5390963687347463,8,218
0.8322116415414893,0.9127790541467361,4,219
0.09302131693017035,0.8729271033021525,21,220
0.4124416031641571,0.9875139229532593,28,221
0.4367093077925812,0.60619600625067,36,222
0.09615337402435031,0.6401919003814975,47,223
0.025037518371810563,0.5221864319851816,3,224
0.602058779009516,0.8390588201484808,17,225
0.04431124324970703,0.6491735471407521,47,226
0.35841054439448516,0.52642343356479,9,227
0.2714814583716114,0.028638530605915896,15,228
0.058012941735614554,0.28765442575204436,41,229
0.07132849189040069,0.5691225464000308,3,230
0.44025568038347185,0.5840513267836813,36,231
0.8166051385609325,0.1308180438646008,6,232
0.26726488105581225,0.7531311847149209,13,233
0.8976553793046964,0.8174189083278678,20,234
0.030034460890886017,0.06646305044280765,7,235
0.3718712608056425,0.07229112099626736,37,236
0.8714170464400137,0.748830998937366,20,237
0.3228734884710436,0.06034772386109705,25,238
0.9605912313670135,0.07257415595906874,22,239
0.8642025386886631,0.15581153761217945,6,240
0.873616776317701,0.9613816984107003,46,241
0.4595559714214259,0.7788929997833434,44,242
0.5061538135185657,0.7265951588966332,1,243
0.8535426818616791,0.4804394870730351,8,244
0.6171195819402815,0.3592882180281297,40,245
0.9213203597940431,0.01955092168119879,22,246
0.3707260796930605,0.02936825839233073,37,247
0.5135185046830166,0.4357011716885093,24,248
0.38558416959794695,0.43505348309273995,11,249
0.6568697575624611,0.46198843734337924,30,250
0.716288838239798,0.06863816682450649,14,251
0.5261605265587761,0.6435144962909255,31,252
0.8043885150107943,0.864912268879318,4,253
0.7807429383048223,0.35243064472550734,16,254
0.52893002504163,0.402099186679847,24,255
0.30604349308863465,0.4978253094820436,32,256
0.09786718396919092,0.48608321582335745,45,257
0.7808999024133447,0.38896551780490485,16,258
0.870038640874851,0.8674955408517874,4,259
0.34234186360545493,0.8217439223405855,38,260
0.76376450542001,0.16536214286656367,6,261
0.5700939993597478,0.04835325950874275,10,262
0.6985401409708025,0.9917470213822034,33,263
0.33659809341645897,0.5061688508670035,9,264
0.35748462792328795,0.8396185814024562,38,265
0.6352653201797143,0.24140599810050598,18,266
0.38716164701787026,0.4053960868912486,11,267
0.7004324731169351,0.4001038750879734,16,268
0.5063068819016383,0.4195082363745172,24,269
0.30562740044411196,0.26634779294815425,26,270
0.8517515506250772,0.9109096642839906,4,271
0.7135260273544919,0.4509049457553177,0,272
0.16615541358435237,0.10246031952308327,29,273
0.4483134693110218,0.6623787559878795,1,274
0.9488015375374568,0.4333370300987207,23,275
0.06332148213273658,0.11122221088189599,7,276
0.8946031420584726,0.24879270067305878,35,277
0.5074192696253617,0.5989262169906354,31,278
0.2936092846151679,0.8143880718594569,13,279
0.8985683083842853,0.3918188312762685,23,280
0.004518603890835138,0.6946953200526728,47,281
0.8112749083743562,0.169748713267335,6,282
0.5312879101573245,0.4181637711281522,24,283
0.5691435188962259,0.5137211652560527,30,284
0.8940968820049786,0.9500969861322871,46,285
0.25079973203107464,0.35003191265156397,11,286
0.40455517603935753,0.5099716873272128,36,287
0.9018494675614859,0.8840056486568303,4,288
0.21434170132328756,0.5388676157921442,32,289
0.31103148467759567,0.29532048426565516,26,290
0.003786663142227198,0.823447002805926,21,291
0.7826229691741666,0.688953529612454,27,292
0.5166322230355291,0.8571323243847021,39,293
0.8107463554109113,0.42972831094544217,16,294
0.6759657688484557,0.8655135803528975,17,295
0.9906238155269094,0.12010754136305782,43,296
0.7484421039423914,0.16540813445944727,6,297
0.12116902412320307,0.7717989752546521,5,298
0.9195363622635853,0.9064888384273265,46,299
0.34633103101697493,0.5829184888003276,9,300
0.08084592478429276,0.9731306260345597,42,301
0.05803130600533013,0.022185064391597037,7,302
0.6962767950081377,0.7169435071289126,12,303
0.7771012854962995,0.06554560910988261,14,304
0.6152710553371605,0.11204732263774364,2,305
0.5749511868426067,0.4648215372800605,24,306
0.4673100324966395,0.8104974968569418,44,307
0.7573800456127557,0.5889176192444832,0,308
0.6465865123184749,0.15119815414282958,2,309
0.7485647362809988,0.45452875875741217,0,310
0.014856728179427847,0.5721011255254334,3,311
0.15749186628566658,0.47146423940119453,32,312
0.2223042952936325,0.8359291710392701,13,313
0.9782289653324394,0.42712805958479705,23,314
0.9936567577750521,0.3372254959177947,23,315
0.974044814347466,0.5472801242645337,8,316
0.33008308828915744,0.8266088553197916,38,317
0.24172009385316962,0.6304013979909184,34,318
0.0,0.7498952859062695,21,319
0.305981256219396,0.8509090031552893,13,320
0.9066440641127143,0.08073316972310712,22,321
0.6121991398841686,0.08265239756427267,2,322
0.9875224348840534,0.6209967171387532,8,323
0.7042656454841891,0.25735827589368965,18,324
0.7109313974445239,0.7060212941773245,12,325
0.963943797929856,0.821457247581734,20,326
0.9194845569638002,0.740526801624309,20,327
0.6923956818043946,0.8923939051271329,17,328
0.4411059923147871,0.0848852017235191,37,329
0.06847942831424181,0.42472773593242186,45,330
0.05602075956318853,0.7271024119435693,47,331
0.36784159351431267,0.7691302406569444,38,332
0.8083869772987491,0.04067424242217216,14,333
0.29613308171464503,0.9334401919493341,13,334
0.568835858484932,0.33795166167049673,40,335
0.9996346107800482,0.04834042585414364,22,336
0.5412339530908081,0.017925395735876537,10,337
0.2241349560186805,0.11551200284046609,15,338
0.9812089895007645,0.3980401378635525,23,339
0.9870365508081624,0.5016028890433022,8,340
0.5753797402547525,0.8699908196970538,17,341
0.6786504723684059,0.9081387274619991,17,342
0.5775776708870266,0.24496538255691955,2,343
0.0004042687009286894,0.5461201717681551,3,344
0.6090769261376137,0.6550289001097408,31,345
0.913934151602052,0.3980099412082807,23,346
0.774103657616326,0.2179385930781744,6,347
0.17976916687854771,0.446178040774419,32,348
0.4412211697871218,0.37191785234243246,11,349
0.22151181442088674,0.6804180465120632,34,350
0.874641449929257,0.7100955885334902,20,351
0.7233380404581489,0.16951395918203957,6,352
0.6885766840770691,0.4720678191246025,0,353
0.903221490551096,0.9902799828852754,46,354
0.07286074038141521,0.007227261768176535,7,355
0.16902574117366687,0.5255868971973707,32,356
0.3201336224437368,0.9723789208476677,28,357
0.846020516653728,0.7124129418767358,27,358
0.8936227583843364,0.21641135095969102,35,359
0.7886598811130847,0.08310244119669069,14,360
0.513479601739772,0.08341047678224317,10,361
0.9523165451458624,0.07158472018214485,22,362
0.0582698574067102,0.5621598927520898,3,363
0.7974132059890362,0.49913448366911295,0,364
0.0546430766333561,0.7120749141707783,47,365
0.7544997695588496,0.0,14,366
0.7877910711120251,0.10750686838910162,14,367
0.6778378994565637,0.1225232198760959,2,368
0.07815966545560382,0.20922371512213564,7,369
0.13711892484255106,0.6714373316355109,5,370
0.5221091173827421,0.2632475653388917,2,371
0.4371739184654029,0.9694969489294695,28,372
0.08632552024694373,0.00016259837872129035,7,373
0.6223993274873045,0.8883953913525439,17,374
0.9783421307463298,0.6619501069956873,20,375
0.4954322153719719,0.815384845684912,44,376
0.5180168024071357,0.5844815078580367,31,377
0.2885069779737357,0.8624710826158263,13,378
0.8260758204081906,0.40681615727472886,16,379
0.5896111542632063,0.18179343823584856,2,380
0.5057852431707266,0.7851686366242725,44,381
0.6210522194349579,0.3316745847041557,40,382
0.020161706781511413,0.7448067598982745,21,383
0.2782541094549913,0.5169705712711862,32,384
0.5874297543006683,0.9679398521746941,17,385
0.7336047559964314,0.5322059595178634,0,386
0.18975431513924335,0.6799926149036888,34,387
0.7841882578460417,0.17231598415119212,6,388
0.6509722263527111,0.5225580742936664,30,389
0.10102230398390155,0.3121525550324231,41,390
0.21515344841089323,0.26410618726246027,26,391
0.5628240109456843,0.9128569448350797,17,392
0.1722565020484499,0.45981774244022955,32,393
0.7390849095705843,0.9931118888625131,33,394
0.9267027773873417,0.19446864359749957,35,395
0.35109161421656054,0.0054846402630797375,37,396
0.22220766872496256,0.1307108239963772,15,397
0.7197591737537676,0.16354478383755325,6,398
0.8506313863616359,0.8883230025969929,4,399
0.9572399112840735,0.5989134798279844,8,400
0.6977688944015217,0.217541262150078,18,401
0.8278790117009267,0.438775835984894,16,402
0.08557183241788024,0.3334733981611545,41,403
0.5962556271990431,0.913330022681566,17,404
0.936717147551466,0.2493167667466312,35,405
0.5858266925927866,0.659363365660362,31,406
0.272763390999633,0.2822768972892131,26,407
0.6951947591201222,0.13495178242237718,2,408
0.05558791887866121,0.4485830357420646,45,409
0.38659256701898226,0.9098832490015462,28,410
0.9108330579650747,0.015018279070885349,22,411
0.6929282179446972,0.5834158510091579,0,412
0.7144946378531731,0.5326104165680052,0,413
0.382078496867015,0.6013318616440047,9,414
0.011379641141370911,0.45026936112354465,45,415
0.04909759173725092,0.4584343379697028,45,416
0.5936488641293245,0.37040537723792455,40,417
0.5670502281233931,0.6046872343347411,31,418
0.6182956355030127,0.5492638690250754,30,419
0.7548847687647067,0.2658355102552934,18,420
0.9019145860954465,0.6128451423626934,8,421
0.7353644959963468,0.40293203045751713,16,422
0.006092446224306158,0.09384864802419912,7,423
0.5192143576855877,0.42154598183525116,24,424
0.25915183662318775,0.2675420049971362,26,425
0.8637023614846369,0.2679795780537848,35,426
0.6540375985123683,0.33438614670552946,40,427
0.7415671332600606,0.49278273155660546,0,428
0.8038629729173019,0.6645484842551896,27,429
0.8039129093986643,0.3736537963842277,16,430
0.55006158180311,0.0279274730091974,10,431
0.6197397448817927,0.4957028846821755,30,432
0.15155044596266443,0.5210212057941704,32,433
0.9103944838110323,0.48976275421585824,8,434
0.9604379870169373,0.4330636176081436,23,435
0.0031427175521994144,0.933534552668137,21,436
0.514324884257392,0.8798372913889373,39,437
0.5856312799127403,0.8526060071585917,17,438
0.5668582913644835,0.47640571825763267,24,439
0.47038674071243225,0.9135991141945558,39,440
0.172901738138302,0.898348391883974,42,441
0.1533845282475017,0.8192560258309232,5,442
0.6712965635180304,0.053462872402522565,14,443
0.5111102522641451,0.5585078473235052,36,444
0.5936184705022356,0.9297866077360165,17,445
0.17185206128672093,0.6867078857976161,5,446
0.982937295658818,0.6991819709824055,20,447
0.728499218347884,0.610160416648795,0,448
0.0030035955339666742,0.6342346750924667,47,449
0.34363499517181495,0.40012890927368594,11,450
0.6543039891960278,0.13599601928654684,2,451
0.5406533061440362,0.11707370394745534,2,452
0.03942748299628995,0.7624518257408036,21,453
0.9429538786196128,0.25088364531939655,35,454
0.5751291684727589,0.4350971594927503,24,455
0.37299085942061083,0.5433560302869958,9,456
0.8773551942900362,0.048813591898930836,22,457
0.16590702640987853,0.798419032931308,5,458
0.05898284381083041,0.8423343913296711,21,459
0.5867928224136714,0.630428794926429,31,460
0.7833156057422057,0.013364521338009583,14,461
0.7560384360692138,0.6078517369319323,0,462
0.3296995622232286,0.5345844467742896,9,463
0.9230213505895088,0.09347063535538899,22,464
0.865067888293245,0.289198647208591,35,465
0.4581951382932363,0.02474188107070066,37,466
0.9723689181120765,0.9900278293423391,46,467
0.37436104292589434,0.926652336872967,28,468
0.689342335321264,0.7550713837818266,12,469
0.2198276941599957,0.06962452678590814,15,470
0.9942759588359911,0.34703193308539404,23,471
0.45361365966998246,0.7502100753518905,1,472
0.06242226697377262,1.0000000000000002,42,473
0.2985943053226947,0.3531322636632789,11,474
0.38658226779724814,0.807384437284383,38,475
0.5880943657412319,0.8756888541583406,17,476
0.4838888485320014,0.8201805164005279,44,477
0.0158628528905016,0.21408787854610892,7,478
0.6432797780429134,0.5834843572479365,0,479
0.8511968364072242,0.8820576213016612,4,480
0.09221849600834187,0.31596208838712214,41,481
0.6104940196420099,0.9202050034348003,17,482
0.1594588354223303,0.40163551357855776,19,483
0.5932411909707715,0.2956260270590283,40,484
0.33942919670208127,0.8106714209624066,38,485
0.42551035541886595,0.5178708247722802,36,486
0.9378537741135418,0.1307283187056775,43,487
0.8016828300890886,0.9402941651701983,4,488
0.8180888590953783,0.6914451148406616,27,489
0.31146781678287905,0.5829382096272283,9,490
0.008645571032773525,0.466849620892539,45,491
0.34584567365270935,0.1477105500616124,25,492
0.8500107895962667,0.7899094701715196,4,493
0.5326739246835235,0.3327870030644675,40,494
0.38788980155247366,0.8368376787487468,38,495
0.7138790961797881,0.3969950999608647,16,496
0.6172945505971414,0.037874534612815175,14,497
0.9196600676566273,0.9845847189405909,46,498
0.7557656516547837,0.3658579331737025,16,499
0.9805244703513933,0.22212703276094595,35,500
0.8386268820030844,0.23351428214156691,6,501
0.14295618366593654,0.2456228765862751,19,502
0.5325490912111457,0.769210417698319,44,503
0.3963365333249378,0.18155679581741166,25,504
0.303556409830243,0.050542875177472135,25,505
0.9348605806897368,0.29926234264636065,35,506
0.7195131847009586,0.5074417864268088,0,507
0.9918750946525563,0.35960890940588364,23,508
0.8035622931064594,0.00936438312360463,14,509
0.3604689641283292,0.6355556189419038,9,510
0.003311652712983282,0.7983877069494101,21,511
0.7851948450792845,0.9925804751062487,33,512
0.7137382621171513,0.6991394313382246,12,513
0.9727980795024305,0.8107042171749034,20,514
0.8928418979319108,0.1069223074641859,22,515
0.21729357968494956,0.029927712668611606,15,516
0.47800965422349684,0.561671162175224,36,517
0.5694438882764814,0.17251096858272605,2,518
0.10115229486077482,0.2355520740692751,7,519
0.02537359898811964,0.9803400539559347,42,520
0.6308511606252516,0.2986474503382571,40,521
0.2004754914908604,0.8145539988971823,13,522
0.9341702250447037,0.9394308574613252,46,523
0.5012169699228277,0.8820662765366937,39,524
0.45197574428819554,0.702048339969691,1,525
0.051359621772202324,0.06502946554892339,7,526
0.5514873567846221,0.10511299243343142,2,527
0.25483915505586463,0.072841788404057,15,528
0.2946447978818787,0.8761812041103431,13,529
0.48267858680819486,0.32337634610088795,2,530
0.4809526049420345,0.4128004097178708,24,531
0.9701495136583889,0.16627088997679804,43,532
0.14517669976034764,0.1271381434706926,29,533
0.9379024977809767,0.6278715746524012,8,534
0.9059930554787812,0.01918842589984518,22,535
0.2407510286572485,0.3580840981027338,11,536
0.47148742786352393,0.7362068799108828,1,537
0.9405417220994847,0.6169259436863256,8,538
0.7061942428713524,0.039995892050374876,14,539
0.10713806519161295,0.3876040091263705,19,540
0.1016010974741528,0.46993674125707485,45,541
0.934744723900879,0.5058995215318053,8,542
0.9041172408189437,0.05133133738215345,22,543
0.4581236054458113,0.06094455560014725,37,544
0.20455939844871196,0.012656343290537275,15,545
0.38116124716206645,0.5795714392228964,9,546
0.11931654072262354,0.4528965698814629,45,547
0.2750072614900523,0.36441523099343054,11,548
0.2697445349133796,0.4034087840183105,11,549
0.42281208203210596,0.5164630109208233,36,550
0.6740908195756949,0.5400229568453659,30,551
0.1521135613248532,0.7073274356457686,5,552
0.43552963581988546,0.07620249877077886,37,553
0.20090632253328167,0.6687685763287418,34,554
0.09969509814413158,0.43162418923855717,45,555
0.31130519242113763,0.7334598315736627,38,556
0.2776126024884604,0.18635626730350527,26,557
0.08838832493332571,0.27771667905413244,41,558
0.9771436154805402,0.06606607685564017,22,559
0.7183026050972323,0.011121643216429306,14,560
0.909335152198878,0.8343784261281882,20,561
0.25527628263717794,0.6986898370160151,34,562
0.6176363852906981,0.3640569541477381,40,563
0.5296970308123479,0.7480791302203003,44,564
0.25561027329630903,0.8654322077359456,13,565
0.6201222471590393,0.8631180134328407,17,566
0.2413021793147596,0.8689915954246265,13,567
0.3711533115685839,0.9512966554386156,28,568
0.32109728012538774,0.9567969766329806,28,569
0.8968459429374276,0.7923662397092289,20,570
0.45430707684042737,0.6501235450974937,1,571
0.701435397845172,0.6566416796842087,12,572
0.865439416839874,0.3987243600372393,16,573
0.9867507465505767,0.8886159269571611,46,574
0.9501458093472301,0.6966195877627479,20,575
0.33609098770722934,0.8792501666872438,28,576
0.9203260375048794,0.0979371419810944,22,577
0.7029277304089225,0.745296883181437,12,578
0.7420063267102908,0.35184725953155105,16,579
0.9474756010514227,0.6917807506187184,20,580
0.43894080368975796,0.028935132559616022,37,581
0.16675637708934676,0.42720096041667666,32,582
0.7894482472124444,0.6524303424696792,27,583
0.9455841134467571,0.7075796943752015,20,584
0.25065020417175354,0.007742635686205951,15,585
0.8674102392094927,0.7363042799506555,20,586
0.42266561866540986,0.2984404541876261,11,587
0.7746067360536566,0.8323672730315033,4,588
0.41298625908045317,0.6950385674067472,1,589
0.3919424488200871,0.016770509517785248,37,590
0.003192701221014893,0.20422724929802674,7,591
0.49945993603378547,0.0885842214669941,10,592
0.7738724942250252,0.20201183570142203,6,593
0.16346353082343157,0.1260270754338861,29,594
0.9546882159336505,0.509272241350026,8,595
0.6740241735905386,0.794150510406455,12,596
0.4693360476842612,0.8038011674376556,44,597
0.0834516428691634,0.8174797134267574,21,598
0.32312467946158474,0.7574184018092847,38,599
0.8054371456505773,0.6980229461592647,27,600
0.07378217205398041,0.37674695312066464,41,601
0.2667836231656313,0.2249054820611481,26,602
0.4131809125295396,0.41786312272660475,11,603
0.92173432042709,0.2247255061991922,35,604
0.24153201841506267,0.25014073256350233,26,605
0.40867138896184585,0.04301144702307305,37,606
0.16527261249742065,0.7021113759093003,5,607
0.008776250065209545,0.015691964717228307,7,608
0.9496235076132082,0.14388678606138403,43,609
0.6302439887213671,0.3024426558664295,40,610
0.12186234541635699,0.7659546468227257,5,611
0.9909902786276072,0.7785318456058903,20,612
0.4039058757189018,0.12040557145271319,25,613
0.9767488048527682,0.06277540819246524,22,614
0.8097856575305942,0.2838971667160207,35,615
0.07997209402077843,0.34650193250645245,41,616
0.22795246374179,0.5783057798475297,32,617
0.5830574641138044,0.6902105228908667,31,618
0.16787115995500201,0.3969093479600073,19,619
0.8135681641080552,0.20437286896509313,6,620
0.43291591964338494,0.46412742379219774,11,621
0.07782117791615129,0.5047837418766126,45,622
0.2811911449403013,0.5228006049760052,32,623
0.3177993807080721,0.1362355025421916,25,624
0.07086401097368267,0.8505706824029599,21,625
0.6608363008379134,0.07508953014828287,14,626
0.891725184124156,0.9187787648956224,46,627
0.727757413931875,0.7852733804003644,12,628
0.3250304354801301,0.7916970681747075,38,629
0.7789906402005773,0.9020793189163306,4,630
0.5211126217163962,0.6065428983870053,31,631
0.7468045774658396,0.1564454876813771,6,632
0.3098300159204941,0.3464312183535011,11,633
0.8176833420365632,0.14324003798022447,6,634
0.6471416605507141,0.8065901432301392,12,635
0.5029153860912681,0.2838036158555659,2,636
0.9942725692144325,0.3794191542498625,23,637
0.9352104750978043,0.0659566493488635,22,638
0.16442207396867925,0.38051415224302143,19,639
0.7258537566344279,0.41204196912490143,16,640
0.0903946990481641,0.866745743278887,21,641
0.37938053838044095,0.8965509007500255,28,642
0.45639013971732023,0.9449360536037993,39,643
0.9308715640802507,0.38052689153546104,23,644
0.6250953874332446,0.7317491884547996,12,645
0.38864067910520994,0.8572548479986642,38,646
0.9915729917062128,0.9437257297923712,46,647
0.7654982170140325,0.03786052338561591,14,648
0.15508659376254652,0.11364697344409266,29,649
0.7365960308477852,0.7899915114042565,12,650
0.3323617570655042,0.6819829590519908,9,651
0.01171194626069827,0.7929116396614134,21,652
0.4042719541711257,0.7240035507690359,1,653
0.9448494582991103,0.3044352712587921,35,654
0.4173622699146744,0.15141656079831525,25,655
0.5144990702961447,0.18440458332695667,2,656
0.08740013614909081,0.026040139628069836,7,657
0.38818309312787935,0.6167824100093035,9,658
0.25879971288656556,0.48552458197919846,32,659
0.4331810985898281,0.06887084109614455,37,660
0.42653256526699224,0.5690101273547163,36,661
0.7174258278034644,0.38363266067905455,16,662
0.0906168647726151,0.49992511543924545,45,663
0.10065561394774036,0.8492236932945594,21,664
0.8863646803887217,0.9269810461026909,46,665
0.48147610347704806,0.2265049408858544,2,666
0.1784956352947047,0.28560163465088395,19,667
0.9288543245443304,0.1786071193253614,35,668
0.5876515340119779,0.700781495166563,31,669
0.38733603104610825,0.18324447766119914,25,670
0.9145638745759452,0.6370657163254532,8,671
0.3135552752041333,0.7779448168198491,38,672
0.8122276499419048,0.546358395767546,0,673
0.867750137790237,0.13542902218883293,6,674
0.7876326325114258,0.5424862873720012,0,675
0.40483365408502436,0.7946101589591342,38,676
0.4314325625362061,0.8200011852130284,38,677
0.03497646919021413,0.34902166429308834,41,678
0.8231240444842403,0.041245306751963695,14,679
0.9337623214826793,0.4690685891562939,23,680
0.26767293135090586,0.5008937671361993,32,681
0.3825035264569383,0.662558245794511,9,682
0.7203163766120637,0.2372089448263314,18,683
0.15527603239093857,0.6039064016714701,34,684
0.171077578852608,0.3551852725415794,19,685
0.6290813968285871,0.2614041396402794,18,686
0.151231294624238,0.5809621415515922,34,687
0.20460108434989355,0.5356939313258606,32,688
0.16159802095667697,0.6063083128932633,34,689
0.8412629568189391,0.7972902408195058,4,690
0.6103339028507806,0.5112286944241944,30,691
0.846438017347289,0.024661842352826147,22,692
0.7349913001138306,0.6590946055424658,12,693
0.10003030733877871,0.6708481941709138,5,694
0.028486742001766707,0.47286239072787484,45,695
0.6433718965635213,0.016716641089988132,14,696
0.3702601374301473,0.8852633980226953,28,697
0.18128415246174434,0.013849687826542917,15,698
0.8749937943539194,0.946947471646176,46,699
0.9085076104355849,0.36080630357189125,23,700
0.7163335917134974,0.8474892484234307,12,701
0.8586396129395926,0.8686997574570537,4,702
0.2682381124693318,0.8350546788587453,13,703
0.0734440570938304,0.5564392798514777,3,704
0.9635141929724416,0.733527395330909,20,705
0.0767851110075366,0.9966566930372917,42,706
0.2184207129804676,0.07583418453247409,15,707
0.4586586031210027,0.030736201851029182,37,708
0.6051874027126152,0.8783274146389503,17,709
0.2173652658133447,0.30034225064937936,26,710
0.07890896968427885,0.7049060242556934,47,711
0.9154436952788503,0.910798515031119,46,712
0.4943558345664609,0.5664757565794513,36,713
0.902191660899712,0.9926222388684721,46,714
0.048955498123949504,0.7828944397996598,21,715
0.19163087143959867,0.07155208334047009,15,716
0.4812734576203601,0.7827017481481071,44,717
0.03414035074125632,0.7021627909209492,47,718
0.31196370358455106,0.9653036506603757,28,719
0.5198904930306645,0.021132442650254962,10,720
0.03707935968620024,0.5204367970614366,3,721
0.8316187762246185,0.7484862232846351,27,722
0.4494965262979571,0.9880874619344432,28,723
0.2639898912029359,0.7871513555659101,13,724
0.9278147960874108,0.43900664146733237,23,725
0.6118859770703864,0.2983651595110359,40,726
0.43273328735114447,0.5438652290836661,36,727
0.5209591740684028,0.17650319851651627,2,728
0.48170138329791445,0.04871647277826377,10,729
0.7377327001652736,0.8524566762723909,12,730
0.11610054283479787,0.569419556421211,3,731
0.8391382365611655,0.39902164569063836,16,732
0.8661733085248384,0.4057958790530698,16,733
0.450679812336217,0.89471413572697,39,734
0.6291278889764875,0.8445144187781869,17,735
0.08287174040492395,0.9793772665690262,42,736
0.16868242614124718,0.6172188196627096,34,737
0.15469497912376795,0.8817973801123326,42,738
0.30229350974592073,0.18894616579974602,26,739
0.23096602861099935,0.6735098645231967,34,740
0.19390115473398772,0.15429130559237977,29,741
0.8251026620356878,0.05956055149392711,14,742
0.4472523694902524,0.5958381519897226,36,743
0.8686868100709102,0.8418344883708353,4,744
0.03990162437013023,0.1699185054076793,7,745
0.21032917522143801,0.22096702189583386,26,746
0.7321670682427301,0.4236687061209694,16,747
0.06778085698195113,0.5279535549944843,3,748
0.20097122697718284,0.6372309968721376,34,749
0.778284161871353,0.579764277153336,0,750
0.1321266192888091,0.17526316828954888,29,751
0.6243166028656448,0.8897806491525114,17,752
0.8486957891309554,0.19359303684853033,6,753
0.34400292063281857,0.810425157224337,38,754
0.9924213554430263,0.5829322107897178,8,755
0.39115753574299195,0.570011359967604,9,756
0.6362325479946485,0.8403595564516998,17,757
0.03663982520678122,0.02550345302908813,7,758
0.3407020965825307,0.29962058085518384,11,759
0.6017581541234165,0.6483751997732249,31,760
0.8570318800620473,0.8269899791335569,4,761
0.8670682942407764,0.6574008300479942,27,762
0.5448844193485707,0.1376082917583684,2,763
0.794019974521758,0.6344049569213039,27,764
0.010156130134968855,0.8941731584059259,21,765
0.715954052054558,0.54205720083355,0,766
0.1396298388911541,0.20179544630645227,29,767
0.24125495824654575,0.2772956977140367,26,768
0.5139832914230027,0.9161935816885208,39,769
0.801738541042595,0.05839726081713714,14,770
0.7599824812838571,0.293499532596618,18,771
0.5669547981053187,0.9346039244820726,17,772
0.566170152903716,0.46422251851129326,24,773
0.6527359789261791,0.46554370774995224,30,774
0.29569312836990225,0.3461472707387351,11,775
0.5249334528559038,0.933107414334941,39,776
0.5136854068145462,0.2590768592650514,2,777
1.0,0.7865849245284,20,778
0.2981031367028599,0.21172667967258832,26,779
0.29177918474347564,0.9060468768161537,13,780
0.4022030314669145,0.1852746991553926,25,781
0.8252583961655189,0.542395639626276,0,782
0.0003403855166910219,0.5366971887537494,3,783
0.03946644882692496,0.8776505540291656,21,784
0.45418037747928075,0.5264667728067496,36,785
0.060115258482761114,0.37871649422135034,41,786
0.33696635794103,0.06620043451422433,25,787
0.4989024840422669,0.6966813909431783,1,788
0.86155582983175,0.6456491048842747,27,789
0.8302426967166534,0.7981183470955953,4,790
0.8118447608752826,0.12505996830967867,6,791
0.4582974643774884,0.5211546243914122,36,792
0.04249244174929245,0.23919265093747558,7,793
0.9276629503463774,0.8161187497611048,20,794
0.1656770763583415,0.5597571702186807,34,795
0.44552423037252353,0.554040731402889,36,796
0.47492639018196225,0.1531865666355859,10,797
0.5077644002541657,0.8493684694025062,39,798
0.6803167932067815,0.33347871967580345,40,799
0.7418467140948923,0.33041131802090806,16,800
0.08936800665498446,0.7285632042092578,47,801
0.8363998256326308,0.8292311356593804,4,802
0.34382464902957555,0.8459496400888153,38,803
0.6833526700036474,0.7335596379362008,12,804
0.5249495688669974,0.022354807634502566,10,805
0.051938315942194,0.5383703440492132,3,806
0.25972983804281746,0.271398383939802,26,807
0.49259319511106536,0.4502798231709312,24,808
0.023500470582614952,0.265988383894357,7,809
0.12177343037163535,0.25866748760262137,19,810
0.18390323769142114,0.48951034985900355,32,811
0.9367803977302405,0.8653302160725774,20,812
0.2796292309287196,0.7177455847458611,38,813
0.369372725456806,0.6337579855004978,9,814
0.8996665032266051,0.16825577409902828,35,815
0.2195529788410262,0.0017042375168017654,15,816
0.07445418624052991,0.76291352764765,21,817
0.6712869060907201,0.12003040014729391,2,818
0.936282947770656,0.41069485918232307,23,819
0.0200857249673696,0.9999809137749088,42,820
0.3686621324668744,0.7958663160700462,38,821
0.15247530206207216,0.2947945667919798,19,822
0.9879269874108099,0.162313451829762,43,823
0.9134505827411363,0.7462595667348914,20,824
0.41978870828251846,0.1603646866782655,25,825
0.36172231779917485,0.8987269691221359,28,826
0.12008754717300185,0.5470888248557355,3,827
0.19167054168912934,0.08466012527197048,15,828
0.1173607259910634,0.002890268384090844,7,829
0.49942500486178254,0.712190599923307,1,830
0.26947381621762645,0.7979541237759313,13,831
0.4119953176614457,0.44331844690750266,11,832
0.6290795925501795,0.6979734212848133,12,833
0.6740336196446037,0.007425248838204834,14,834
0.5097423978458719,0.7803186823474927,44,835
0.99041764232991,0.4490158581175,23,836
0.6435087356430467,0.299743502965106,40,837
0.753666166104697,0.9962627292547307,33,838
0.2598749652872234,0.9879402612877751,28,839
0.865519754998612,0.80379275215462,4,840
0.18258150810009877,0.3440145643722652,19,841
0.6793699304646292,0.9294691569693038,17,842
0.016194618340120037,0.1444239671471471,7,843
0.49942613693496263,0.4591340585142142,24,844
0.2760521475945348,0.9761839071790485,28,845
0.8922460010497151,0.7500952500715078,20,846
0.39461396668350446,0.7212644495622785,1,847
0.5245933859828451,0.472774687953488,24,848
0.6222008265644083,0.03479523738746587,14,849
0.44367032384896365,0.6992623242199314,1,850
0.4477327183365123,0.9424951076932059,39,851
0.48772044077689625,0.7764282649367997,44,852
0.9738953092117386,0.38170178918383235,23,853
0.15340662426971452,0.8376166705731605,5,854
0.4087371643015736,0.38571492658751705,11,855
0.5121873049368464,0.8572504733504062,39,856
0.9114119592139893,0.19371456061448014,35,857
0.5851597067557428,0.6383139941709871,31,858
0.37733609523444045,0.09802001039863556,25,859
0.9991163072717892,0.46501814270616415,23,860
0.06782158595064569,0.6423058428225199,47,861
0.5310389305543399,0.5410602989451644,36,862
0.49110869108212096,0.9479814730599293,39,863
0.926018547084273,0.6548674006016699,8,864
0.7318392575873869,0.9915452464081257,33,865
0.5271400769843853,0.0033379858740169577,10,866
0.9592513455864884,0.14160262131284937,43,867
0.44560047462852825,0.13462793952138322,25,868
0.6663304098538214,0.5019168202467911,30,869
0.13630128120138796,0.48107014108152124,32,870
0.135289467491436,0.10806194422108961,29,871
0.2182547353423976,0.8429996902947855,13,872
0.7301942643256298,0.4676196890408695,0,873
0.047705619936044386,0.36408929661505496,41,874
0.038473031875794206,0.15403200421608346,7,875
0.8323877353104718,0.7012350509079454,27,876
0.22133823502071603,0.8057203578822405,13,877
0.6975736282417087,0.018022944597753998,14,878
0.12902535724683872,0.30201459558536836,19,879
0.23276095551411924,0.4228848407516014,11,880
0.6662238641170948,0.18456751728517948,18,881
0.17282352809735446,0.272159216823989,19,882
0.35564740038003695,0.9556347086931655,28,883
0.7193331049757026,0.9697701067223959,33,884
0.8467875418803485,0.5166109588977544,8,885
0.8365178691573885,0.16508277326980283,6,886
0.9441277232111247,0.944585026320189,46,887
0.8358076893111921,0.7112943336243551,27,888
0.22491610278839147,0.17170751156439487,26,889
0.48720151723377647,0.20450781132579463,2,890
0.7435212503826474,0.1691865141947804,6,891
0.24758875899970434,0.41810564512782467,11,892
0.28487557756257065,0.49745543098924094,32,893
0.7023252472651409,0.3462339774486163,40,894
0.12165434793417251,0.5747809806635531,3,895
0.11582199025824647,0.6172523602989345,47,896
0.45228556221397476,0.7304160836632592,1,897
0.42388683288610896,0.7208920372851316,1,898
0.9556796474936942,0.5477207643920434,8,899
0.9996557695134776,0.14531302408690713,43,900
0.4859923203263188,0.6828639481899761,1,901
0.7620774223780522,0.09487213034981823,14,902
0.7150193047940778,0.8166991364132775,12,903
0.23900066958294985,0.5279574538981,32,904
0.11194064174323515,0.7460185671324622,5,905
0.5645909952524208,0.6433845458287792,31,906
0.16334467842636524,0.13274247419029347,29,907
0.4622424187862908,0.748958752359789,1,908
0.744373541344947,0.4399851573299227,0,909
0.7747676719334224,0.6516025579795787,27,910
0.5898034572287978,0.513341687392967,30,911
0.07720982771297624,0.0327813681088423,7,912
0.5413330573575417,0.4289594170622756,24,913
0.6977830437262398,0.7828805674096158,12,914
0.4653159217859333,0.5462801642503985,36,915
0.5240271678922976,0.46711523028899793,24,916
0.37888615059730313,0.30709881236719727,11,917
0.9981202631852302,0.4508163336364023,23,918
0.044019897677824105,0.3213417759042718,41,919
0.28374081005340557,0.29574865691185304,26,920
0.05243895297661272,0.29813624683429496,41,921
0.6285393715032095,0.643027379655271,31,922
0.2826975746959626,0.9005652394922444,13,923
0.35746245291310963,0.6383306359500983,9,924
0.22753514774159456,0.7164032616658446,34,925
0.19232366200224238,0.2711775720765578,19,926
0.24937518431143957,0.38189060706327393,11,927
0.07817940023973868,0.06723196735274661,7,928
0.8980034867618798,0.497581860322142,8,929
0.7025764416986524,0.470574233164579,0,930
0.8683793359555274,0.03598975011247402,22,931
0.11885466511917286,0.9210417164243284,42,932
0.389314224273563,0.3202678722762138,11,933
0.2268174693722811,0.06573141813685862,15,934
0.1772277317253721,0.17844355294523026,29,935
0.7957916572038712,0.7215423892315561,27,936
0.30642613671540087,0.5946824451140025,9,937
0.8869326902377903,0.8754155832611156,4,938
0.7351616376396244,0.6270253638835024,0,939
0.6484992603305688,0.9120329654627312,17,940
0.4538291262285119,0.7090535356045802,1,941
0.2144217598378395,0.08870923555542456,15,942
0.8094061487456949,0.9284188736480578,4,943
0.9218339567764797,0.13552155637594618,43,944
0.4935754328551978,0.09792969982348931,10,945
0.2066235917407484,0.23694219094416344,26,946
0.028177233605142682,0.3313338823596639,41,947
0.733067648294683,0.9424169502050018,33,948
0.23707224344279432,0.6979344007152583,34,949
0.33655126869029317,0.31204858421922543,11,950
0.42214446014726725,0.020050776644623958,37,951
0.960243538956588,0.6063309470704069,8,952
0.6946947726565673,0.03450080415982976,14,953
0.6406292226887436,0.37557538644900823,40,954
0.12386465346016706,0.8210096196932636,5,955
0.8199670943751158,0.6263705219043947,27,956
0.3562145068817326,0.8800726605822132,28,957
0.5838421777365888,0.3015125878943493,40,958
0.9908090613955416,0.031219755475773714,22,959
0.8461760802251437,0.8853914766888814,4,960
0.0902807116160842,0.707220762293807,47,961
0.8269374372336458,0.9038446366756424,4,962
0.04756044872179821,0.08078733058339604,7,963
0.7572846019855657,0.08910303074643222,14,964
0.7822101093897027,0.9457521621422268,4,965
0.03651311798314616,0.6155560086623834,47,966
0.25563389949905346,0.5018888429313809,32,967
0.23560821891839456,0.006404453604118787,15,968
0.36388930772287775,0.5466558640189901,9,969
0.9937107570847923,0.05499900455895862,22,970
0.921972031844243,0.0172898264260527,22,971
0.6747101586809023,0.5111491114434784,30,972
0.10430339017016355,0.7554623576920962,5,973
0.36916224342818094,0.4793640183009792,9,974
0.704673697694826,0.01384992376952629,14,975
0.6264639686058908,0.460336848374152,30,976
0.7335208161542965,0.26181515963374125,18,977
0.8331062796427773,0.05534001327979293,14,978
0.9546011150705649,0.5649126639563411,8,979
0.14655824477469626,0.7785801684652863,5,980
0.8152597985669612,0.8425552681890498,4,981
0.6774558992392858,0.11727670809765608,2,982
0.7826265131784451,0.39916795371788216,16,983
0.9652074853272419,0.12855551149080321,43,984
0.5148190923175591,0.44240848928811516,24,985
0.5112982073986618,0.8211094874438238,44,986
0.5712515330681338,0.1419778302278282,2,987
0.3641375376851368,0.26215585017669907,11,988
0.7422178123330205,0.3479159492041036,16,989
0.8351510389534731,0.8285562426985672,4,990
0.8244755383029165,0.3951444261534377,16,991
0.36803138421443293,0.823390502723738,38,992
0.1278887381466154,0.7708395402801536,5,993
0.46776938844788774,0.9425774542499193,39,994
0.6033540920909841,0.15208306672711128,2,995
0.5876864606517822,0.1207263759723502,2,996
0.07312073198831293,0.3307344881718216,41,997
0.2957015950308053,0.0522544833160411,25,998
0.23584652814760965,0.03351325509991365,15,999
0.9386987098428241,0.33548627804025766,23,1000
