id,pharmaName,latitude,longitude,cluster
1,Wikido,34.66564845,5.56774134,
2,Riffpedia,33.44871712,3.35206006,
3,Digitube,36.18243355,6.63002848,
4,Blogspan,34.92730419,2.23259769,
5,Linkbridge,34.48252478,2.92444764,
6,Shufflebeat,33.52248723,1.0684106,
7,Quinu,33.2344859,2.23259769,
8,Midel,36.91996256,4.79727316,
9,Gigashots,34.78802014,2.79048245,
10,Snaptags,33.17752267,6.29860391,
11,Plajo,32.14002038,7.01334731,
12,Realfire,36.74911608,2.80064168,
13,Avavee,32.06896162,5.59909922,
14,Skyvu,37.24659775,3.53918559,
15,Dynava,35.04696235,4.84929621,
16,Linklinks,33.94464395,3.62723277,
17,Realblab,34.18836866,4.87434685,
18,Jayo,33.14621767,4.25143206,
19,Photofeed,36.6074523,7.97604784,
20,Jamia,37.87452812,6.83833734,
21,Oloo,35.31472265,6.90504198,
22,Yodel,33.12138287,2.99699825,
23,Edgepulse,34.11947071,3.12276298,
24,Realcube,35.88425951,6.11148274,
25,Talane,32.58280475,7.52615537,
26,Topicblab,36.20863591,2.90704628,
27,Meezzy,34.68577218,6.9192728,
28,Roomm,33.88013741,1.43476744,
29,Haley Group,32.7692156869,8.2872535983,
30,Nitzsche Group,37.7817182542,2.9178400127,
31,"Sawayn, Hermann and Morar",35.4621256212,6.2538442109,
32,"Leffler, Marvin and Corwin",34.6964282992,5.7078512174,
33,Haley Group,32.7692156869,8.2872535983,
34,Nitzsche Group,37.7817182542,2.9178400127,
35,"Sawayn, Hermann and Morar",35.4621256212,6.2538442109,
36,"Leffler, Marvin and Corwin",34.6964282992,5.7078512174,
37,"Russel, Robel and Larkin",39.3055596843,3.4126513984,
38,"Mante, Christiansen and Ankunding",39.3840300398,6.7799707707,
39,Wilderman Group,36.5862039769,1.0518265263,
40,Funk Inc,38.4538995182,6.172066558,
41,Keeling and Sons,34.8450764018,8.4304189762,
42,Cummings Group,34.0571364885,7.6318720753,
43,"Beier, Langworth and McCullough",35.0388050839,5.3916732263,
44,"Blick, Bauch and Bode",33.4337666763,6.9337922677,
45,Kozey and Sons,37.6682883105,5.4707325285,
46,"Zemlak, Buckridge and Bins",37.543642605,1.3157402952,
47,Sanford-Schowalter,34.0519860905,6.5509827521,
48,"Hauck, Kovacek and Skiles",32.4298073852,8.0227179278,
49,DuBuque Group,39.8557070281,6.7921130547,
50,Kovacek Inc,35.483029327,5.5319960644,
51,Mann Inc,37.0842788796,7.9324422645,
52,Rice-Crooks,35.450785285,1.7528790329,
53,Monahan and Sons,36.3400232267,7.2292522201,
54,"Mueller, Schmidt and Brakus",36.0858444186,2.1472605962,
55,"Trantow, Luettgen and Hammes",32.2167831524,4.3665231006,
56,Kuhn-Romaguera,38.9572738629,1.6018091908,
57,Veum and Sons,37.2012312988,2.8266375162,
58,Schinner LLC,34.5390539281,1.9361161421,
59,Stracke Group,38.1900274682,4.0207011326,
60,Ullrich-Pacocha,32.2314122367,5.1782427463,
61,Keeling-Zemlak,36.4237066085,2.9066652984,
62,"Wiza, Bailey and Windler",33.7891570237,8.3759842507,
63,Runolfsson-Glover,39.3529899096,1.043356735,
64,"Koelpin, McGlynn and Prohaska",36.0150876682,1.4260065512,
65,Hills-Volkman,35.818531333,6.6142093595,
66,Pouros-Christiansen,34.9524797337,8.6052020912,
67,Mayer Inc,39.4268036786,3.9064086541,
68,"Larkin, Rath and Skiles",38.9555108239,7.9661608785,
69,Kub and Sons,33.4442028728,5.8333974204,
70,Ziemann-Gottlieb,36.8107032816,3.0204243776,
71,"Halvorson, O'Keefe and Zulauf",36.6080408331,7.3437633595,
72,"Macejkovic, Ernser and Gottlieb",33.5280758497,2.466722516,
73,Barrows Group,34.5710471471,2.1712516109,
74,Pagac-Mraz,34.3815528472,1.7162762887,
75,"Flatley, Cummerata and Raynor",39.4068119827,3.0684435165,
76,"Hessel, Stamm and Pouros",34.1016428713,8.8053715748,
77,Orn and Sons,34.6162289051,8.8943489997,
78,Pfannerstill LLC,38.6130195709,3.6216530071,
79,Parisian-Murazik,33.210810064,2.2437328155,
80,Sanford LLC,38.2192072945,7.2472581845,
81,Kiehn-Baumbach,38.6122519105,3.9875153719,
82,Franecki LLC,37.1933739018,8.5929176572,
83,"Renner, Hansen and Schuppe",35.4395059949,1.9564387108,
84,Breitenberg-Treutel,36.1433969464,8.6957211407,
85,"Daugherty, Romaguera and Howe",36.441202493,5.6141073757,
86,Maggio Inc,36.6113767442,8.7781120538,
87,Hauck-Funk,32.5023078438,1.2237089065,
88,Welch and Sons,33.267072319,8.3153231842,
89,Fay LLC,39.09168112,8.4371435023,
90,Kemmer-Glover,37.2152325526,5.8346937323,
91,Ortiz-Klein,36.7881001263,5.6909357016,
92,Ernser and Sons,37.7085133207,6.48764828,
93,Bednar Group,37.9874021033,2.3863418605,
94,"Klocko, Batz and Hoppe",35.9810578242,1.8991385089,
95,Lubowitz and Sons,37.4375469462,2.6762956458,
96,Hettinger LLC,34.6472088359,5.652558213,
97,Casper Inc,32.6216045183,2.1050693158,
98,Schroeder-Predovic,32.2471742752,7.7951242958,
99,"Douglas, Hand and Larson",32.9202165248,6.7346718518,
100,Johnson-Welch,39.8401416227,8.4080570408,
101,"Becker, Brekke and Feest",37.3963670401,5.8258441391,
102,"Haag, Effertz and Fadel",32.8795770398,5.2672996256,
103,Sawayn-Dicki,33.8419344867,8.9232086424,
104,Gusikowski-Senger,32.0432252326,3.1815551401,
105,Purdy and Sons,39.4937502258,4.3246501905,
106,Sipes-Keeling,32.1024432852,6.5628816288,
107,"Heaney, Kozey and Muller",36.1322193765,5.0305366444,
108,"Boehm, Ratke and Rogahn",36.9276946957,8.2045755526,
109,Emard-Schmidt,39.8309133892,2.2914503171,
110,Pollich-Crooks,34.6644621928,3.6419046029,
111,"Hoeger, Cartwright and Hilll",33.5593855747,3.8087028866,
112,"Purdy, Cartwright and Lebsack",32.3035494823,3.8637132645,
113,"Barrows, Jacobson and Weber",36.5081195285,3.5915207227,
114,Beahan and Sons,33.1218964643,4.1903150837,
115,"Ernser, Gottlieb and McClure",37.5758373932,6.3908189886,
116,"Wehner, Kshlerin and Veum",35.3487067239,7.4882657045,
117,"Oberbrunner, Kessler and West",37.1198650731,7.8981119428,
118,"Nicolas, Runolfsson and Hermiston",39.324727454,7.2621996054,
119,Lindgren Group,39.9184108822,5.8615439493,
120,Lind-Wunsch,34.570259182,7.1317690265,
121,Stracke and Sons,36.3537526396,2.6931303948,
122,"Renner, McLaughlin and Miller",34.9627970411,2.5999278847,
123,Streich-Frami,32.6708636647,8.3997247396,
124,Cole-Mante,34.6014231916,3.5328702553,
125,"Dicki, Kunde and Wisozk",35.7108835261,5.9481209196,
126,"Labadie, Rolfson and Volkman",38.4060410168,5.5686981143,
127,Langosh-Stiedemann,32.9465445439,4.0198683451,
128,Kemmer-Hilpert,37.1397239182,7.0403141778,
129,Auer LLC,37.908772217,8.9415962704,
130,Towne Group,35.224344565,6.7631538737,
131,"Morar, Towne and Bode",39.1662842501,2.6484757113,
132,O'Keefe Group,38.6847563909,5.6771731412,
133,Rippin Inc,37.2826081302,6.8574138401,
134,"Hirthe, Hahn and Howell",35.0034119774,1.4335522623,
135,"Corwin, Jacobson and Schowalter",39.4257002595,7.7965308539,
136,Boyer-Heidenreich,36.3917392048,1.3723800908,
137,Koss-Schaefer,37.5844912978,4.8041293057,
138,"Hills, Ullrich and Lowe",36.1605053372,4.36769926,
139,Witting-Gislason,35.9541004383,1.9418731698,
140,Quitzon-Kuhlman,33.9756680916,8.2062406275,
141,Shields-Marks,34.2284610599,7.1256831692,
142,Osinski-Bartell,32.4388113251,2.4367958062,
143,Terry and Sons,37.3053239204,3.9053256365,
144,Collins-Bradtke,37.9286638696,4.3886448415,
145,Bruen-Turner,37.7111030829,7.3426579588,
146,Greenholt Group,33.1602410774,2.4784999419,
147,Conn LLC,39.0508342905,7.912653078,
148,"Olson, Bogisich and Kling",39.839062197,4.1840382567,
149,Larson LLC,34.0436409522,7.1508662096,
150,"Crist, Rath and Koepp",36.8508634429,3.9933698164,
151,Kunze LLC,34.1398932832,5.9308566177,
152,Mosciski and Sons,33.0100955696,1.7964391744,
153,Rodriguez-Tremblay,36.0215283189,4.6273697323,
154,Pfeffer and Sons,36.3228981526,6.15034854,
155,"Larkin, Luettgen and Schulist",32.105941201,2.067909076,
156,"Goldner, McKenzie and Metz",36.396509074,4.077283302,
157,"Mitchell, Prohaska and Leffler",32.1910902446,5.2061531847,
158,"Windler, Marquardt and Johnson",34.4614762669,6.8592099348,
159,Kling-O'Hara,37.5569327111,6.8847200939,
160,Langosh-Osinski,38.742543443,4.3658850679,
161,Gutmann and Sons,33.7203080013,7.4378745298,
162,Hirthe-Green,38.9851541615,3.6035826105,
163,Skiles Inc,36.2389573592,1.4624841802,
164,Oberbrunner Group,33.7056366899,8.8448060876,
165,"Braun, Morissette and Mraz",35.550636576,8.2464379067,
166,Gerlach Group,38.9279283645,2.538687715,
167,Larkin and Sons,35.9048705344,2.0007334095,
168,Senger Group,38.7357287898,8.3613745066,
169,"Schaefer, Balistreri and Hermiston",34.7660243762,6.9762532564,
170,Hermiston-Gleichner,34.9744465096,1.9780050412,
171,Padberg and Sons,35.1594944172,8.8172060687,
172,"Kuphal, Kuhlman and Cassin",35.1277602662,6.9487767823,
173,O'Connell-Williamson,33.2763630704,5.9381719989,
174,Hahn-Harber,35.7344151775,6.9023988973,
175,Steuber-Sipes,37.8109069628,8.6051334333,
176,Maggio Group,39.0618775134,8.2270408742,
177,Jaskolski Inc,32.821577492,2.7516841142,
178,Schmidt-O'Reilly,38.2200319468,2.3428896348,
179,Stanton Group,36.0891677296,2.4177703369,
180,Jerde-Ryan,34.6633106704,7.5404598883,
181,Armstrong-Sporer,33.9548151274,7.3613651493,
182,"Bailey, Buckridge and McClure",33.6946119154,8.2275114707,
183,Nicolas-Parker,35.8227124255,7.7815957664,
184,Herzog Group,33.2859636616,2.6489626076,
185,Waelchi LLC,33.9710652472,1.9524866699,
186,"Jenkins, Roberts and Boehm",36.8208155742,5.1453845375,
187,"Stokes, Hirthe and Lang",35.5418595196,1.0349823958,
188,Schimmel LLC,37.8243442659,6.195855363,
189,Strosin-Nienow,39.2583269423,2.4390025144,
190,Schroeder LLC,37.0008950299,7.926928868,
191,Donnelly Group,33.2624126649,5.8166070859,
192,Bayer-West,38.04140683,1.1580976404,
193,"Beahan, Schneider and Nolan",32.4398338386,2.254331267,
194,VonRueden and Sons,38.498945559,7.4285413321,
195,Huels-Schamberger,39.7617775659,8.5477894171,
196,Nikolaus-Sanford,36.6510856257,4.7711916349,
197,Wisozk-Lind,35.1143467055,6.2013761854,
198,Kozey LLC,34.2415672372,1.8546012542,
199,"Davis, Hartmann and Lehner",35.003152499,6.4035054844,
200,Batz and Sons,32.5131380516,5.6647705919,
201,"Bergstrom, Kemmer and Goyette",33.3705631114,8.5372612175,
202,"Gerhold, Hand and Runolfsdottir",35.5143392245,8.9635684971,
203,Quitzon-Hagenes,38.3047304254,2.5705375755,
204,Robel and Sons,36.5144174688,4.0543854883,
205,Dickens-Heidenreich,33.0350822859,7.5456415451,
206,"Stehr, Cruickshank and Gibson",39.5643182866,3.8378565,
207,Koelpin-Feest,39.8247003606,4.5090941958,
208,D'Amore and Sons,35.0554977771,5.4404094387,
209,Pfannerstill and Sons,39.5663480721,5.1077543998,
210,"Friesen, Maggio and Miller",32.5672757334,4.7173574758,
211,Boyle LLC,32.6607049405,3.7057096277,
212,"Kuvalis, Crona and Gerhold",35.6639485414,5.0746258542,
213,Moen-Bashirian,33.0643607397,6.6386488682,
214,"Russel, King and O'Reilly",34.9544799096,6.3274473873,
215,Abbott-Smith,38.503730249,6.0090595091,
216,Wehner Group,38.3554373545,1.7652872763,
217,Langosh Group,33.1024982525,1.7266931379,
218,Fay LLC,34.2654833933,4.1473787917,
219,"Abbott, Herzog and Schinner",39.4747804895,8.1939577241,
220,Stoltenberg-Kihn,37.2626551336,6.4461247541,
221,Bruen and Sons,38.8383402987,5.866709187,
222,Green-Mraz,33.6642956381,1.7100301583,
223,Grady and Sons,39.7510379373,3.4588016109,
224,Waters LLC,39.9508463984,8.8776847835,
225,"Steuber, Lehner and Shields",34.1419422995,2.3502538272,
226,Sanford-Champlin,37.3879878572,5.8051770897,
227,Weber LLC,33.8874593333,4.2136565489,
228,"Lehner, Fadel and Mueller",34.6802640095,3.6992580049,
229,Gislason-Wisoky,35.2050456365,2.3337104574,
230,"Carter, Hickle and Gutmann",35.692875034,7.0781877195,
231,Rempel Inc,34.0017108258,5.0006645025,
232,"Kilback, Homenick and Casper",35.1645029854,5.5455568371,
233,Heller-Armstrong,39.9657813383,4.7356098321,
234,"Price, Haley and Waters",38.5075352012,8.9218419633,
235,Denesik and Sons,32.4368276482,4.4020623839,
236,Aufderhar-Funk,37.6395775615,3.1643262573,
237,"Bauch, Beer and VonRueden",32.9527004343,3.6284029272,
238,Swaniawski-Willms,37.7641745972,2.3094051192,
239,Orn-Champlin,38.5638793984,5.8952380782,
240,D'Amore-Smith,38.2554652706,5.5073780401,
241,Swift-Hettinger,36.7074162294,5.2944405058,
242,"Kirlin, Mohr and Konopelski",34.5646219865,6.0976654993,
243,Runte Inc,38.3791832317,6.5970489091,
244,Jakubowski and Sons,34.5335617314,8.6619838092,
245,Smith-Heller,34.1984309019,3.1602072027,
246,"Bogisich, Lakin and Orn",33.1212228286,3.8483417199,
247,Predovic Inc,32.1293168859,7.8324128127,
248,Deckow Inc,33.8815077901,2.5958873573,
249,"Predovic, Goodwin and Thiel",37.8262607965,7.3482269548,
250,Breitenberg-Klocko,39.1516026829,5.3043035753,
251,Padberg-Hoeger,38.6523959515,8.2870436908,
252,"Mraz, Kris and Osinski",32.748266365,7.9689448944,
253,"Klocko, Fisher and Langworth",35.2995697299,8.8835783977,
254,"Altenwerth, Maggio and Mraz",35.4934029933,5.8398937655,
255,Legros Inc,32.7732830222,6.1112494401,
256,Wuckert-Beatty,32.2052598576,5.1693282375,
257,"Jaskolski, Tillman and Romaguera",36.8140976407,7.6986078123,
258,Shanahan-Bartoletti,32.3592047423,6.1829410628,
259,Gleichner Group,34.8680078411,5.2031480399,
260,Adams-Bergstrom,34.1736797748,1.2298223898,
261,Orn-Farrell,32.4686442205,3.2972906755,
262,Hettinger-Swift,32.5749994189,5.5439729208,
263,"Reinger, Donnelly and Spencer",35.5217289097,5.6631346424,
264,Klein Inc,38.527742242,2.0454206101,
265,"Zieme, Gorczany and Boehm",34.140000737,7.0127322948,
266,Kuphal Inc,39.1751142495,7.5258777512,
267,Hegmann and Sons,32.2451719008,1.5317382052,
268,Johnston LLC,34.9755225249,1.5782579411,
269,Johnson-Batz,38.9655410013,6.9784081553,
270,O'Hara-Cummings,34.5841629688,1.4829255879,
271,Johns Group,39.67780133,1.5805171299,
272,"Cormier, Paucek and Bogisich",38.9079166152,2.2449190063,
273,"Homenick, Hane and Rippin",38.983110888,8.6749906373,
274,Von-O'Connell,35.6758859861,7.2183634419,
275,Heller Group,36.0480765966,6.8009213873,
276,Beer-Howell,38.8227732171,4.8361035735,
277,"Christiansen, Stokes and Klocko",36.9343926841,3.8690725487,
278,Champlin-Rice,39.3641333787,1.1572849757,
279,Swift-Bergnaum,34.966375628,1.2356470866,
280,Mills LLC,36.1069005416,4.479001751,
281,"Little, Hickle and Mohr",35.0850515431,4.4738318921,
282,Wolf-D'Amore,37.2518889772,4.6888270516,
283,"Dietrich, Schuster and Durgan",37.7264865748,1.5491000128,
284,Bartoletti LLC,36.2078760724,6.1377704444,
285,"Bruen, Hermann and Koelpin",38.4301644922,7.9049703805,
286,Hermann Group,38.2413003467,3.8143353083,
287,Carroll Group,36.2299968678,4.2107902642,
288,Kozey Group,34.4497368672,4.9748774369,
289,Schmidt and Sons,32.7869717241,4.8811518907,
290,Mohr Group,38.242554065,4.1059571463,
291,"O'Conner, Kulas and Klein",38.9545312724,7.9255900914,
292,Roberts Group,34.7396625821,7.56040007,
293,Rau-Roberts,38.1056886313,2.3211520632,
294,Herman and Sons,36.5587855851,1.3871856155,
295,"Dickens, Cremin and Turcotte",37.5847225322,8.9173670451,
296,Ritchie-Kovacek,34.6937854076,5.0414756941,
297,Lemke Group,34.8606122751,7.703075834,
298,Grant and Sons,37.0793280092,2.928135117,
299,"Quigley, Altenwerth and Fisher",35.0976513172,4.2371061651,
300,Hoppe Group,37.5998371432,4.1948636608,
301,"Hickle, Murazik and Kautzer",36.0492991986,4.3497495281,
302,Wyman-Stanton,34.4464134134,3.1272208519,
303,Reichel-Klocko,38.8084669274,8.2721221963,
304,"Gerhold, Kirlin and Moore",37.7044191952,4.6003584758,
305,Padberg-Ratke,33.3324098115,1.819068881,
306,Harris-Schaefer,35.5860888295,6.2883452137,
307,Powlowski and Sons,39.5836335929,4.4601311417,
308,Block-Kihn,32.5110450872,1.8890064132,
309,Upton-Collins,39.1507351368,2.9870958742,
310,Davis-Jacobs,36.0581841651,5.7818662119,
311,"Simonis, Senger and Nolan",34.3504212029,7.5016855746,
312,Stiedemann-Schroeder,39.1824060814,4.128732332,
313,"Mohr, Morar and Gleason",32.0413692789,6.5462964536,
314,Haley Group,38.4851681326,2.3561657259,
315,Lubowitz Inc,36.2488299867,4.3390179888,
316,Ankunding-Keebler,36.5511938193,5.101758367,
317,"Batz, Graham and Krajcik",39.1466914895,8.5849159153,
318,Bechtelar and Sons,34.0084887701,3.7951885973,
319,Langosh Inc,35.236578527,5.0718299848,
320,Morissette-Becker,39.2086136606,8.0573739893,
321,"Wolff, Gerlach and Gutkowski",33.7172878025,5.3024776663,
322,Harber-Sauer,34.4895774167,3.3584812555,
323,Larson-VonRueden,32.0355230538,7.5739940807,
324,"Waters, Kautzer and Rodriguez",38.2563167038,6.5004654067,
325,"Buckridge, Larkin and Rohan",36.1317707219,7.8428707611,
326,Deckow-Armstrong,38.4809464253,4.4313262979,
327,Kilback-Jerde,37.4044144114,7.9097700566,
328,Legros Inc,39.9176803744,1.9599292381,
329,"Johnson, Pfannerstill and Fay",37.9833041237,2.3215191687,
330,"Schimmel, Jerde and Dare",32.9730903451,7.1617388447,
331,Stark-Turner,39.349884068,8.2368351061,
332,"Hettinger, Jaskolski and Yost",34.7715252304,5.6540923147,
333,McGlynn Group,32.6510179425,8.7687707323,
334,"Cummerata, Brakus and Douglas",32.4687909013,1.1783107375,
335,"Heathcote, Spinka and Sanford",37.5666445252,6.7238817758,
336,Mueller and Sons,38.2122133993,1.5244151764,
337,"Lubowitz, Kub and Bailey",36.9196279608,1.8955924661,
338,Metz Group,36.5975813639,4.7114408926,
339,Metz LLC,35.7378199426,7.4706309537,
340,Smitham-Heathcote,38.0546940812,5.7019774529,
341,"Barrows, Gottlieb and Heller",37.1697536861,2.2080949187,
342,"Nitzsche, Schoen and Schowalter",37.9842836241,4.6292837989,
343,"Boehm, Leannon and Green",32.123942905,5.5677479786,
344,Waelchi-Crooks,33.2632115222,4.7644630284,
345,"West, Wolf and Jacobson",33.7808873723,7.6736269119,
346,Dickinson-Bradtke,39.8186790762,4.4105710573,
347,"O'Keefe, Marquardt and Tremblay",39.9419053723,3.6929676103,
348,Windler-Osinski,39.785259037,5.3696264197,
349,Fadel-Morissette,34.6417481538,7.5992320291,
350,Leffler-Jones,33.9359670411,6.0331015211,
351,"Kunze, Weimann and Willms",32.0052778664,6.9869033079,
352,Kunze Inc,34.4492397631,7.7931961291,
353,"Schumm, Smith and McDermott",39.2469095073,1.6456424852,
354,Stark-McGlynn,36.8950916725,1.6609617871,
355,Windler and Sons,39.892908739,5.9580332347,
356,"Ledner, Cronin and Bosco",37.6304538134,3.0554664084,
357,Graham-Wintheiser,37.6836951263,6.6367005282,
358,Kihn-Heathcote,39.7045792609,7.5581118283,
359,O'Hara LLC,39.3494702839,6.912123943,
360,Schulist Group,37.5356449375,8.1243291629,
361,Blanda-Renner,35.5285206001,1.6787840593,
362,Bergnaum Inc,32.5522431138,4.3914116423,
363,Armstrong-Collins,32.4527320781,6.8049702878,
364,Dicki-Cormier,34.9433363922,7.14043697,
365,Senger and Sons,38.4621013814,1.3258916,
366,Yost Inc,34.3705795094,8.4519611648,
367,Blick Group,36.5487364455,3.6987638749,
368,McGlynn LLC,39.9896522348,1.3870831771,
369,"Bergstrom, Blick and Brakus",36.3282719442,1.1443100062,
370,Nikolaus-Connelly,33.7955093956,1.9232475891,
371,Jenkins Inc,39.8424814019,4.1783908831,
372,Gorczany-Nienow,39.8890278406,5.0050301267,
373,"Cummings, Schultz and Beer",36.6010043455,7.94550744,
374,Hudson LLC,37.4258579246,8.2500045421,
375,West Inc,36.6185598611,2.9565461706,
376,Boehm-Gaylord,32.0085068789,5.3603676636,
377,Crist-Ratke,36.870153637,6.2296785673,
378,Witting LLC,39.3051375709,4.178149853,
379,McLaughlin-Nikolaus,38.1882704676,2.7408179811,
380,Mann-Krajcik,33.4411468457,4.562628258,
381,Jerde-Rice,35.5294405563,3.9698824561,
382,Herman-Leannon,33.7745575955,6.4323350682,
383,Smitham-Ledner,38.9912952562,6.6692215994,
384,Spinka-Bradtke,37.7827906172,2.3542919157,
385,"Kemmer, Keeling and Kuhic",37.5051414843,4.7692808097,
386,"Tromp, Goldner and Becker",39.21957241,8.9056571245,
387,Hodkiewicz LLC,32.5872379363,1.05891736,
388,Zemlak Group,33.3553359585,5.1964707956,
389,Parisian-Kohler,34.5622788565,8.7627706116,
390,Williamson Group,38.7626914808,6.6877187443,
391,Stark Group,39.1429045253,2.7286275144,
392,Blick-King,38.3045352873,1.6645540413,
393,Herman-Grady,36.1065898124,1.6670127854,
394,Purdy-Adams,39.611708988,1.5726194405,
395,Moen LLC,32.4706962812,5.4883969277,
396,Yost-Thiel,38.3744506564,4.9853272825,
397,Feil-Williamson,32.4417281211,6.6850206027,
398,"Wunsch, Boyer and Renner",38.0316884729,1.0012292614,
399,"Ward, Kassulke and Halvorson",38.2975958474,1.8593505005,
400,Larkin-Becker,37.4193676668,1.9792112158,
401,Roob-Rau,32.6295620026,2.6712557105,
402,Hills and Sons,33.1004868729,6.3606508838,
403,Crona LLC,36.1755162809,3.1024747943,
404,"Kuphal, Davis and Corkery",35.4971139748,8.7397666738,
405,Kuhlman Group,32.6947850761,1.0025271238,
406,"Schimmel, Kassulke and Haag",36.9765635579,8.0924129733,
407,Senger-Fahey,39.8195829615,6.2849237318,
408,Harvey-Ferry,35.9624400525,7.5096418364,
409,"Zulauf, Witting and Hayes",36.1428297628,5.6665683534,
410,Roberts and Sons,34.3096675856,7.8854847996,
411,Heller Inc,38.6033873513,4.2484411856,
412,Gibson Inc,36.7146748167,2.4523068792,
413,"Kemmer, McDermott and Lehner",36.0451327173,7.2684556578,
414,Bernier-Mueller,36.9658038114,3.6486601639,
415,Gorczany-Feeney,32.1663153226,6.9462866263,
416,Rau Inc,34.2277749223,5.1276951686,
417,Labadie LLC,36.6972513364,8.727337907,
418,Gaylord-Wiza,37.8647938807,5.2493042382,
419,Krajcik-Pollich,33.5209011489,6.4289392675,
420,Legros Group,38.2688191228,2.3766577159,
421,"Hamill, Fay and Tromp",37.2047836684,5.1722946913,
422,"Windler, Wolf and Collins",32.8121725916,3.492835066,
423,Parisian-Rath,33.7237714642,3.1093283258,
424,"Raynor, Walsh and Schmidt",36.5007180587,8.2876654153,
425,Beier and Sons,33.3811409917,4.6715005363,
426,Green-Cruickshank,37.9085654721,8.9282614353,
427,Langworth-Denesik,39.4071243242,2.5534805353,
428,Harber and Sons,34.8095494025,1.0450077322,
429,"Von, Collins and Bartoletti",33.7801155876,2.0445647797,
430,"MacGyver, Oberbrunner and Lindgren",37.7542051608,2.3066458795,
431,Toy Group,38.7995198474,8.0918351653,
432,Heidenreich LLC,39.6510333551,5.7817645437,
433,Bogisich-Zboncak,37.57856236,2.7376464804,
434,Rau and Sons,38.6177899682,4.5035437619,
435,Rowe Group,32.6887651507,3.6630183166,
436,"Tromp, Wilkinson and Mann",36.7677461678,8.2914415289,
437,Gutkowski LLC,39.4871120313,2.9912789765,
438,Cremin-Auer,36.6844472131,6.2642763284,
439,Frami LLC,34.1839189461,3.2543671725,
440,"Quitzon, Swaniawski and Bernier",37.5580019877,2.0784161657,
441,Ziemann-Legros,32.4492748528,4.5818249595,
442,McLaughlin and Sons,35.0931059086,8.263929336,
443,"McCullough, Bode and MacGyver",39.2803682279,1.1211053627,
444,Goyette-Nitzsche,37.5398984596,5.6580622664,
445,"Hudson, West and Casper",37.7121557709,5.2525326197,
446,Swift Group,35.0570507084,5.8010680992,
447,Leuschke-Abbott,32.0961703926,4.5952852309,
448,"Bashirian, Kilback and Donnelly",32.3974347093,4.6604581836,
449,Stroman-Nolan,36.7469251878,3.9578098599,
450,Wehner and Sons,36.5344740929,5.8278507282,
451,"Reilly, Mayert and Wunsch",36.9437861683,5.3854606965,
452,Dooley Group,38.0347635743,3.1231318047,
453,"Pfeffer, Gaylord and Boyle",39.2091337814,5.8929672575,
454,Grimes and Sons,37.8788494394,4.2174380342,
455,"Miller, Stroman and Gutkowski",32.0539400185,1.7503304057,
456,Volkman Inc,36.1523949875,4.3660148392,
457,"Terry, Schaden and Hahn",34.0751994753,3.1367530682,
458,"Roberts, MacGyver and Zulauf",38.9039215534,3.1402457821,
459,Wisozk Inc,37.2292676935,3.6703038875,
460,Tremblay Inc,37.9283917196,4.9346275135,
461,Runte-Witting,38.4259668336,6.3056640133,
462,"Anderson, Jacobson and Frami",38.4263656909,3.9837387843,
463,Larkin-Conroy,36.3987807998,1.2241467187,
464,"Kub, Howell and Blick",36.9553206928,4.9579362142,
465,Beer LLC,33.2157556582,5.1600273867,
466,Quigley LLC,39.2768652077,4.9105220146,
467,Rutherford-Thompson,39.6765773225,4.4579487596,
468,Waters and Sons,32.0303796718,8.4527143533,
469,Doyle-Simonis,36.1133413314,8.0241021067,
470,"Gleason, Doyle and Gusikowski",36.6828863948,7.8067416374,
471,Beier Inc,36.5329410378,4.8039059777,
472,"Cormier, Doyle and Larkin",35.7623945121,8.2935894209,
473,DuBuque LLC,33.3862946813,8.1718579546,
474,"Hansen, Daniel and Hartmann",33.2304050105,7.5405416473,
475,Friesen Inc,37.3671201011,1.4279706129,
476,"Pfeffer, Koss and Rogahn",36.0876651243,5.459246253,
477,McKenzie-Koepp,36.746682425,8.4227982075,
478,Friesen-Heller,33.3779106049,6.4825406482,
479,Goodwin LLC,39.8562858893,6.5821089604,
480,"Walker, Bailey and Stamm",37.8240144564,5.8715377415,
481,Bauch-Morar,32.0292684635,6.0636987894,
482,Barton-Christiansen,34.7499912026,4.195063484,
483,"Runolfsson, Beahan and Bruen",37.2313954339,2.0867512781,
484,"Little, McCullough and VonRueden",36.323634147,1.9357131079,
485,Schmidt-Miller,32.320196719,7.0871297742,
486,"Hammes, Greenholt and Effertz",39.5369266287,3.0037858219,
487,"Kreiger, Volkman and Jacobson",36.5990029553,4.4741805177,
488,Considine-Sawayn,34.9844650869,5.3383042499,
489,"Corwin, Hilll and Bayer",39.0129707271,1.3908599947,
490,"Adams, Kiehn and Sanford",33.3304258704,7.3742204956,
491,Legros-Windler,32.4763911124,7.7247534646,
492,Blick-Gleason,36.6921639749,6.0333202038,
493,"Collins, Langworth and Wisozk",38.2618489949,1.1079050467,
494,Schroeder-Bahringer,38.0439782529,5.8531098296,
495,"Goodwin, Dickinson and Rippin",34.6386848188,5.2682893548,
496,Smitham-Osinski,39.3777196903,1.7473131036,
497,Bednar LLC,38.9148284159,3.3096166715,
498,"Gibson, Hudson and Dooley",35.6650166134,1.1987192819,
499,Von-Wintheiser,39.771873163,8.9036444316,
500,Cummerata-Jast,34.9954091438,8.3977804162,
501,"Koss, Kertzmann and Pfeffer",37.511256965,7.0282189893,
502,Goldner and Sons,33.7611060338,1.556973151,
503,"Barrows, Rempel and Beer",39.9468511125,3.7712427209,
504,Wisoky-Marquardt,35.628423002,6.9894159614,
505,Huels LLC,32.5038627924,8.9832424291,
506,Hills and Sons,34.3902380231,3.8199356399,
507,"Pfannerstill, Jacobs and Medhurst",35.0930236457,7.4457824712,
508,"Metz, Funk and O'Hara",36.7025597826,7.9909892261,
509,"Bayer, Lueilwitz and Muller",35.8702398012,7.5479209432,
510,Thiel-Greenfelder,32.1319791177,2.710081527,
511,Cummings Inc,37.1433418311,5.6586090841,
512,"Mertz, Dach and Franecki",38.8040362625,8.0418248093,
513,Marks-Wilderman,32.7418539992,3.5232428114,
514,"Gusikowski, Padberg and Kub",36.8814723778,8.3463177158,
515,Beahan and Sons,33.2789222807,4.2070892194,
516,Rogahn Group,36.7436689829,3.3609201021,
517,Grady and Sons,34.7163982586,7.4720192182,
518,"Johnson, Feest and Lubowitz",35.4039536812,5.1348810039,
519,Kris-Shanahan,39.4961906005,2.0447044227,
520,Wintheiser LLC,38.4085533944,8.5066696693,
521,Jacobi Group,38.5395931524,6.5203532728,
522,Predovic-Turcotte,34.493062529,5.6542497266,
523,Kertzmann-Lehner,32.074332574,4.7276290827,
524,"Wintheiser, Balistreri and Jacobi",34.767648539,2.180256817,
525,Gottlieb-Smitham,38.7945629593,7.3062970536,
526,Erdman Inc,36.2599004906,3.6575395019,
527,Runolfsson-Bogisich,35.1034673007,7.6808786324,
528,Buckridge-Pollich,37.7072392593,4.1700493768,
529,Rath Inc,36.93579021,1.3035442954,
530,Waelchi and Sons,39.3508721392,8.8601974527,
531,Beatty-Russel,38.0417994439,3.9215121015,
532,Wilkinson-Lubowitz,39.837013947,2.7742501618,
533,Champlin-Hahn,38.7036363557,2.8651433363,
534,Cole-Hills,33.1471107685,2.9617942966,
535,Terry and Sons,36.2589034091,7.1410769442,
536,Franecki-Mann,35.1709338209,2.4504179963,
537,"Weimann, Gerhold and White",34.4298718049,1.4046631566,
538,Langworth and Sons,39.4722830881,3.389945221,
539,Witting Group,37.7522403742,5.0516362825,
540,Funk and Sons,39.9276747072,3.8716323115,
541,"Breitenberg, Gleason and Heaney",38.4235652159,1.0759758908,
542,Hodkiewicz-Volkman,34.8844490423,6.0742425806,
543,Rempel and Sons,32.0317290064,7.3739704512,
544,"Simonis, Lind and Gorczany",38.2768590298,8.9240196837,
545,Kihn-Schinner,37.7061143764,6.5817694084,
546,Raynor LLC,39.7753010007,7.472280998,
547,"Windler, Dibbert and Witting",39.1366675642,1.8546845275,
548,"Kirlin, Runte and Rodriguez",33.7408653194,1.240112658,
549,"Goodwin, Kozey and Kuhn",35.8232809546,5.4844958738,
550,"Becker, Gutkowski and Schulist",36.5535929575,2.3782140842,
551,"Blanda, Lakin and Torphy",32.8132108668,2.8814090183,
552,Smitham-Hermann,32.2079442319,8.8263164809,
553,Kerluke-Streich,37.0440708242,3.3850371425,
554,Grady-Johnson,33.606534324,7.5030100064,
555,Oberbrunner and Sons,39.4667690154,8.4997787358,
556,Rau LLC,36.0086445811,8.0418938955,
557,Witting and Sons,35.6153404922,6.6049883554,
558,Halvorson Inc,32.4155022056,1.5202953117,
559,Pfannerstill-Weissnat,36.4101688821,1.8402425511,
560,Effertz Group,34.0407528247,1.5826533756,
561,Wisozk-Bartell,34.3586921506,7.9949191699,
562,"Crona, Tremblay and Zieme",35.8605730864,3.5824235141,
563,Sanford LLC,35.8467871638,4.2962075674,
564,Adams-Runolfsdottir,39.7541461297,2.3284056946,
565,Klocko Group,33.1648466808,2.0160475967,
566,"Cartwright, Schulist and Zboncak",39.4965797707,6.0129084379,
567,Hintz Inc,39.2417097107,1.1543915296,
568,Koelpin Inc,33.9282268336,3.8594612476,
569,Bahringer and Sons,35.7711860227,6.877642271,
570,Cummings-Schultz,39.5176600282,5.9255402674,
571,Kihn-Sawayn,37.6458580855,1.3204769984,
572,"Wehner, Koss and Rice",32.8610209673,4.0950895661,
573,Kutch-Kulas,32.8167955847,4.7522705181,
574,Swift Inc,39.471357706,5.0393259038,
575,"Harber, Bode and Langworth",39.2267270297,1.4109566723,
576,"Rodriguez, Casper and Mann",35.6644452596,1.4876895067,
577,Padberg Group,33.6391536848,1.1022523602,
578,Heathcote and Sons,35.0497243664,5.6273761209,
579,Cronin Inc,32.9582940177,4.6162556458,
580,"Schamberger, Lynch and Barton",34.2018413968,3.9099964337,
581,Oberbrunner Inc,34.1598064585,4.2212434874,
582,Considine-Rempel,35.3824017815,5.1236438152,
583,"Volkman, Renner and Rohan",37.3894386425,5.3116996138,
584,Goldner-Stracke,33.2202534255,6.6471261666,
585,"Konopelski, Howe and Batz",35.4839806078,1.60947861,
586,Olson-Douglas,33.6099754977,6.3393488438,
587,Hirthe-Hickle,32.8015718099,4.4464592234,
588,"Rolfson, Gorczany and MacGyver",34.4917636006,6.855715295,
589,Feeney-Gleichner,34.2226510183,2.4887274409,
590,"Wunsch, Tromp and Tillman",32.7112613012,3.2179674505,
591,Hansen-Dietrich,39.8100100691,1.5285695568,
592,Kessler LLC,37.7425711204,1.090002364,
593,"Mosciski, Jakubowski and Dickens",39.2684040159,7.6612488456,
594,"Howe, Bashirian and Ruecker",34.0442442907,6.5781807406,
595,"Hessel, Carter and Feeney",36.9385205438,3.9071366632,
596,Russel-Hermann,36.2361231675,6.9724067293,
597,Kutch-Gleason,34.0469119719,7.9091205393,
598,Berge-Cremin,36.9583758505,7.8906486099,
599,Strosin-Gutmann,33.9326290353,7.9375316187,
600,"Daniel, Altenwerth and Sipes",34.9697880541,8.5944916915,
601,Morar Group,34.5699758726,8.6383953277,
602,Schuppe LLC,39.1686490442,7.3259070204,
603,Hills-Predovic,35.633961528,6.190523959,
604,"Dicki, Abshire and Crooks",37.6078477967,6.2425517951,
605,Murphy-Kohler,38.9177959232,4.1838523535,
606,"Romaguera, Cremin and Vandervort",39.8867450383,8.0941732914,
607,Howell-Windler,39.5943706855,6.5616559838,
608,Veum and Sons,34.6897350058,8.0194156696,
609,Wyman LLC,39.3561914354,1.7829648183,
610,Schroeder-Hane,37.6197674939,6.9501987968,
611,"Baumbach, VonRueden and Legros",37.9318996863,3.80967872,
612,"Graham, Windler and Harris",39.5730429499,6.523032322,
613,Ortiz-Kilback,35.5112266045,1.2321898705,
614,Von-Heller,33.337209883,4.4111529527,
615,"Blick, Farrell and Harris",38.3108321982,6.208936846,
616,"Bashirian, Armstrong and Reichel",39.5579350845,6.6491396991,
617,Nitzsche and Sons,34.0072944473,1.0630310814,
618,Kshlerin and Sons,38.9335374586,6.8784197194,
619,Brakus-Koelpin,35.3812319357,3.3833848965,
620,"Walter, Trantow and Lindgren",38.1922887024,7.6451957951,
621,Cartwright-Cremin,35.3039200562,6.5490362585,
622,"Runolfsdottir, Balistreri and D'Amore",35.1358369812,1.1350916892,
623,Wolff LLC,32.030778906,2.6313738545,
624,Schuppe Group,35.9946106369,1.7083096836,
625,"Schulist, Heidenreich and Ernser",38.1864240979,2.613690394,
626,Walter-Schaefer,33.3109089556,2.007179037,
627,"Bins, Ziemann and Will",39.6306522171,5.0662469978,
628,"Farrell, Rutherford and Murray",37.3889063215,7.3401490926,
629,"Pacocha, Koelpin and Reichert",35.7540023192,7.4171807641,
630,Herman-Pacocha,32.6718305759,7.5263630983,
631,Keeling-Glover,34.5861693048,7.0469529181,
632,Bergnaum Group,38.4385402122,6.572857609,
633,"Emard, Cruickshank and Mayert",32.5945976809,4.0084284021,
634,Goyette-Bashirian,34.1361567893,2.7964277807,
635,Friesen Group,35.3054748103,4.3366182093,
636,"Lemke, Cruickshank and Rowe",39.3674398035,2.794991211,
637,Terry-Rice,33.9344648275,2.9978558825,
638,Cassin-Ritchie,35.269455925,1.3445471979,
639,"Spencer, O'Reilly and West",33.3253586207,6.6054915091,
640,Shields-Murphy,32.0753763457,1.1264827304,
641,Marks-Reichert,39.5901989086,2.1497354824,
642,Klein-Macejkovic,37.0392211644,3.415330523,
643,Gottlieb LLC,32.9786281053,7.1150893382,
644,Shields-Gutkowski,39.9206074225,7.2154807045,
645,"Bauch, Schulist and Gutmann",35.2313923752,1.9623081182,
646,Balistreri-Moen,39.806856601,1.5023033962,
647,Walsh Group,38.47327305,3.2673001844,
648,Ortiz and Sons,32.6440384003,3.7670122493,
649,"Kuhic, Simonis and Stokes",33.8260009477,5.6172736111,
650,Cassin Group,36.6623285743,6.5104987436,
651,Gibson-Hackett,33.3461139802,4.1693649032,
652,Oberbrunner LLC,38.5034850377,2.6325361926,
653,Schroeder Group,35.4631040913,4.7059004696,
654,Mosciski Inc,32.6268584035,5.0304197359,
655,"Hessel, Hoeger and Kris",34.2512338848,5.1742305744,
656,Boyle Inc,34.5436345842,2.0886628366,
657,"Beier, Lemke and Gislason",32.5712894738,7.7904956484,
658,"Kulas, Farrell and Paucek",37.2835709199,1.6005948798,
659,Nienow-Kassulke,39.127748044,8.334933461,
660,"Kuphal, Bartell and Mann",37.8180894473,7.269291724,
661,"Bauch, Cummerata and Boyle",34.6013911362,7.3205656844,
662,Bosco Inc,38.2273042286,8.2016382633,
663,"Borer, Boyer and Volkman",36.1675569782,5.8426626631,
664,Ratke and Sons,37.9702247202,2.2499792041,
665,Schuppe-Purdy,34.4799809339,3.766447808,
666,Rau Inc,38.5363541689,2.1445731307,
667,Weber-Abernathy,37.1741878176,7.4394424056,
668,Mitchell-Weissnat,36.0222103284,3.2665534602,
669,Volkman-Moen,39.9468240386,4.0297579467,
670,Morissette and Sons,39.4750777972,1.527696105,
671,Mosciski-Bins,33.3185651204,4.0384982351,
672,DuBuque-Murphy,37.802884379,4.2901536846,
673,"Jacobi, Roob and Greenholt",32.7272867988,7.9196051973,
674,Kulas Inc,35.0355013239,8.1575103567,
675,Bergstrom Inc,35.6505995612,8.5437212839,
676,Thompson and Sons,39.4404216443,4.0385999203,
677,Dooley Inc,36.9980977782,6.8420609191,
678,Jenkins Group,35.1094647796,7.8438487462,
679,"Hansen, Halvorson and Klocko",39.9252617225,8.5340604633,
680,"Schuppe, Friesen and Carter",38.1195362935,1.3034324576,
681,"Heller, McGlynn and Jerde",33.2439999062,1.9083608999,
682,Kihn-Carroll,37.8886860689,7.3069519078,
683,Cassin Group,34.6599485486,6.4448262207,
684,"Renner, Konopelski and Rolfson",32.0988246109,7.33026041,
685,Balistreri-Hudson,35.234316351,6.7802351371,
686,Shanahan Group,39.5520671787,3.4312356053,
687,"Torp, Dare and McClure",35.3388725362,2.2098382435,
688,"Wiegand, Ortiz and Schiller",36.1147326063,2.4731490737,
689,Wuckert-Kulas,32.703368348,1.2090819988,
690,Konopelski and Sons,35.1058099064,5.9243945797,
691,"Bernhard, Kuhn and Schoen",34.0723869599,4.876692868,
692,Schowalter-Gerhold,35.4652221532,1.5509572219,
693,"Lowe, Beer and Harber",35.4121183706,5.5430755905,
694,"Auer, Schimmel and Cartwright",37.7355680434,4.0633902105,
695,"Cole, Turcotte and Kunze",32.7290613015,4.9916381157,
696,"Senger, Stark and Toy",32.8092437309,7.7797439636,
697,"Mueller, Hoppe and Braun",39.0849321309,8.4004041776,
698,Fisher Inc,35.8509684999,2.8091946821,
699,Kirlin and Sons,33.430974776,3.2809052699,
700,"Quitzon, Morissette and Goodwin",39.4243093614,2.4268736397,
701,MacGyver and Sons,36.6990227559,6.5948763835,
702,Schimmel and Sons,35.0990441735,2.463889095,
703,Walker-Padberg,39.3101673527,6.0862961978,
704,Bednar-Blanda,34.5097356707,7.210795033,
705,"Kutch, Terry and Jast",38.4927779585,5.3622691707,
706,"Casper, Jacobson and Bergnaum",38.9362523281,2.0822254998,
707,Schamberger-Cremin,38.2963303519,5.3313619505,
708,Gaylord-O'Reilly,35.2388028127,7.3438180134,
709,Spinka Inc,35.4512560837,7.5464895193,
710,Schroeder Inc,32.2846451683,3.7871247816,
711,"Rodriguez, Schuppe and Pfannerstill",38.5798106526,1.330449843,
712,"Kessler, Durgan and O'Keefe",39.4635109702,4.7453409166,
713,Hodkiewicz Group,34.1432599542,4.9993699063,
714,Schoen-Beer,35.0604455442,6.2897779037,
715,Wolff-McDermott,37.7586557032,2.8946341825,
716,"Morissette, Waelchi and Hartmann",33.245513008,5.8216181116,
717,Okuneva-Erdman,33.3717245869,3.8363227838,
718,"Witting, Rippin and Lind",37.0299352025,3.0877605461,
719,Gaylord Group,33.213206503,5.6384767252,
720,"Kris, Gutmann and Nicolas",33.6394866423,5.2771452751,
721,"Schneider, Watsica and Weber",33.296008582,5.8407901986,
722,"Hoppe, Steuber and Abernathy",38.7246914572,7.3652104621,
723,Herzog-Douglas,36.8801934781,5.081863432,
724,Mohr Inc,38.7660261811,1.1980804118,
725,Wolff-Hahn,37.8758686146,6.2621310816,
726,"Hermiston, Hammes and McCullough",32.8042492239,6.3559483808,
727,Steuber and Sons,32.2328098168,4.7756230907,
728,"Barrows, Altenwerth and Bartoletti",37.1440776087,1.1346617107,
729,Thiel LLC,34.9626540107,8.0674133613,
730,Blick LLC,33.4532474792,1.111777652,
731,Kuhic-Bechtelar,38.9941095343,8.5597764492,
732,"Cummings, Ratke and Hackett",39.2617941975,3.8811899275,
733,"Feeney, Quigley and Upton",37.7268440339,7.7658996018,
734,Kemmer LLC,38.8634838982,7.9352021642,
735,"Walsh, Kiehn and Lesch",34.1477742213,7.6666467038,
736,Block-Wisoky,32.5918970577,5.4427349202,
737,"Pacocha, Ryan and Dickinson",39.7011478803,6.8562545898,
738,"Cummings, Brown and Bergstrom",32.6185830337,8.9565561089,
739,Hilpert and Sons,33.7498680631,1.6065387209,
740,Mohr-McKenzie,35.6687184427,1.2465660293,
741,Lubowitz and Sons,36.8390868744,8.0120502506,
742,Nolan and Sons,33.7414378975,3.3985650609,
743,Treutel Inc,32.6355469149,6.627798429,
744,Collins Group,39.3171947383,8.2712350015,
745,"Macejkovic, Harber and Shields",35.9538426838,5.5228462096,
746,"Herman, Mante and Larkin",39.211346859,8.9243530426,
747,"Pfeffer, Schmeler and Hagenes",32.396299766,7.2503029888,
748,Hills-Schulist,33.5358897536,1.5723589328,
749,"Heathcote, Considine and Macejkovic",35.8493499081,7.2487649215,
750,Torphy-Zieme,32.2779668454,6.6059019044,
751,Moore-Little,34.4970233221,8.7062957118,
752,Franecki LLC,36.1577954785,1.1699086969,
753,Strosin-Rau,32.3014415705,5.1553626285,
754,Kertzmann-Tremblay,38.6476605626,6.9756561515,
755,Moore-Reichert,35.5955382521,8.8881563934,
756,Murray LLC,34.113842434,7.2842817465,
757,"Zieme, Wiza and Welch",39.4160063432,4.5053860543,
758,Nienow-Cassin,36.8925903494,3.3827838934,
759,Koelpin-Zboncak,35.4616453537,5.3423686814,
760,Stracke-Borer,36.1663313469,2.4100801161,
761,Hagenes-VonRueden,35.8527678758,1.3900847886,
762,"Nienow, Kutch and Paucek",37.8977649796,7.8055496763,
763,Altenwerth and Sons,32.9326069008,5.5463436587,
764,Romaguera-Mills,38.7077206943,4.1862252915,
765,"Wintheiser, Bosco and Herman",38.923657731,4.2402973114,
766,Stracke-McGlynn,35.6049895042,8.1428492741,
767,Dicki-Medhurst,37.0303065489,7.7421544724,
768,Block-Klocko,32.6671987251,8.8186314993,
769,Keebler Inc,33.3525938008,5.9278780073,
770,Veum LLC,33.2408719654,8.0397475607,
771,Keebler-Morissette,34.4197846521,2.5094000448,
772,Pouros-Hilll,33.8500711728,6.3771938686,
773,Gleichner Inc,33.5540231711,2.2327844943,
774,Reinger LLC,38.5956144504,1.4766423677,
775,Gleason Inc,35.5776135145,5.7572172364,
776,"Medhurst, Waelchi and Bashirian",38.9437338039,7.7207632326,
777,Bashirian-Legros,32.323983825,2.357521009,
778,"Schneider, Mante and Rau",33.6852385815,2.7649909398,
779,"Tremblay, Shanahan and O'Kon",37.8533106476,4.3829584524,
780,Wisoky Group,32.54666342,5.2153614893,
781,"Yundt, Ullrich and Ryan",33.6104939085,6.0876154693,
782,"Sporer, Purdy and Schmidt",38.2216613793,5.6289153558,
783,"Rodriguez, Lang and D'Amore",33.0606118665,2.4001821785,
784,Glover-Reinger,36.9918773978,8.1034701193,
785,Hirthe-Towne,38.7840596655,2.5464914307,
786,Sauer LLC,34.752929931,7.4700535378,
787,Rath-Wisozk,39.9320378521,5.6542018438,
788,Huels-Kemmer,35.1295676506,5.5510674424,
789,"Weber, Hintz and Ratke",37.087053541,7.7089903066,
790,"Bayer, Beahan and McDermott",32.2979308799,1.2047981593,
791,"Bayer, Simonis and McCullough",34.7265652827,3.3928046831,
792,Ratke-Weber,36.8116964617,6.1765686436,
793,Lubowitz and Sons,38.8506424649,7.6022741644,
794,"Miller, Murphy and Watsica",38.930806244,6.2486113433,
795,Kerluke-Kerluke,36.3574292872,2.0996204582,
796,Quitzon-Grady,38.347347923,6.0650579812,
797,"Murray, Tromp and Bauch",32.0863978519,8.138531186,
798,Maggio Inc,37.7238125395,5.3279369761,
799,"Collier, Buckridge and Wolff",33.1205422787,2.611963171,
800,Hermiston-Thiel,33.9322518668,3.2146071719,
801,Wilkinson-Ferry,36.1106129294,8.3142984946,
802,Kreiger Group,38.4089983741,1.4673569662,
803,"Schneider, Denesik and McCullough",38.075480497,3.3439463953,
804,Toy Group,36.5337118654,8.4612500932,
805,Flatley-Mayer,36.5274446744,4.7066595169,
806,King-Lang,37.2188712767,4.7172052668,
807,"Senger, O'Keefe and Zemlak",34.3670654732,3.7641813344,
808,Mante and Sons,36.1980750754,8.4493049295,
809,"Orn, Hartmann and Schroeder",36.1082336378,3.0691841635,
810,"Streich, Frami and Bashirian",39.9925707055,7.2797604865,
811,Hilll-Waters,34.3863149155,2.6912344065,
812,"Friesen, Will and Pfannerstill",34.3358036593,8.2333073627,
813,Schultz-Abbott,35.2177912595,2.4800943497,
814,"Feeney, Reichert and Torphy",38.5968583445,5.330638399,
815,Upton-Hills,32.0079966252,5.2851532891,
816,Schmitt Inc,32.3205079505,8.0066475403,
817,Schmitt-Wiza,35.6329495431,5.2034939743,
818,Green and Sons,32.48543604,4.0241493051,
819,"Ward, Conn and Bruen",34.6967268442,1.5296420014,
820,"Padberg, Bradtke and Steuber",35.9901581046,6.5621492976,
821,Block-Keebler,38.8867765765,6.1548089183,
822,O'Keefe-Stanton,38.6366694126,7.3718204173,
823,Barton and Sons,38.4897197114,1.9994595752,
824,Adams LLC,35.6658339218,5.1610923357,
825,"Cassin, McDermott and Bogisich",32.3446774421,2.9104681508,
826,"Price, Braun and Toy",39.4147935068,7.5154998684,
827,Adams-Fritsch,33.328589192,5.4692183648,
828,Littel and Sons,35.5638103613,5.4235896749,
829,"Barton, Ward and Blick",35.7986540218,2.2239664534,
830,"Brown, Schmeler and Crona",36.0609408245,7.7808995684,
831,Gibson and Sons,37.4391673171,3.663060793,
832,Conn Group,37.9306248136,3.6385767526,
833,Mertz-Schmeler,32.719086306,6.8166303509,
834,"Nienow, Weber and Ankunding",38.6858482043,7.6201631053,
835,"Roob, Kunde and Wolff",34.7515060235,7.7536104278,
836,Predovic-McGlynn,37.4634157541,6.8565119507,
837,Reichel-Mosciski,36.1982037987,1.1796656303,
838,"Terry, Sporer and Bahringer",32.4201244054,5.2985084367,
839,Marks-Bradtke,34.0798161419,3.1675347357,
840,"Beatty, Wilkinson and Harris",35.9397639663,4.5953687391,
841,Boyle Inc,32.1929830068,3.1243520441,
842,Jerde-White,32.9779179148,3.0659165535,
843,"Rosenbaum, Robel and Kirlin",33.4741668799,4.9085073197,
844,Schinner-Heaney,39.487617229,7.9083064405,
845,Spencer LLC,34.2387584202,6.7302839699,
846,Hamill Inc,34.9555659914,6.0598938468,
847,Metz Inc,39.1911776852,2.3442490658,
848,Runolfsdottir and Sons,33.7589118021,1.0148325077,
849,Kovacek-Kohler,32.599965255,7.0908150849,
850,VonRueden Inc,37.3670429644,1.9593134959,
851,Olson and Sons,39.4836439505,4.2794010353,
852,"Bednar, Wintheiser and Hackett",32.1657084336,8.9830900826,
853,Parker LLC,34.9498902771,7.353844676,
854,Morar LLC,33.2231427547,3.3542833753,
855,Kemmer-Macejkovic,39.8961400185,2.2968173712,
856,White Group,39.3012751648,6.9578829496,
857,Lesch Group,35.35825321,2.2812623021,
858,Lynch Group,34.8944599451,8.1748797631,
859,"O'Keefe, Davis and Stamm",32.964452272,5.3680994653,
860,"Kulas, Buckridge and Friesen",33.5362066115,1.6769874961,
861,Crona LLC,32.9426723527,1.0242994217,
862,Kling Group,35.9943316314,6.6859440079,
863,Dickens and Sons,34.157644149,7.3705095846,
864,Rogahn Inc,35.2960051169,4.5398029421,
865,"Kunde, Grady and White",37.0299207912,6.5724623008,
866,Ziemann Inc,37.3889817699,1.0604976954,
867,Pacocha Inc,36.0767396705,7.2297432589,
868,Nitzsche-Johns,39.9160336087,4.5852797534,
869,"DuBuque, Roob and Hudson",37.1451705825,3.393785849,
870,Wuckert Inc,38.025030238,8.9534114848,
871,"Bradtke, Langosh and Jacobson",34.0809753157,8.8869814359,
872,Boyle Inc,38.9184376076,7.4171135932,
873,"Wilkinson, Herman and Collier",33.4636098386,3.7471580441,
874,Hills Inc,37.4316044471,8.4202643113,
875,Olson Group,32.1346290255,2.1540232689,
876,"Hettinger, Kemmer and Feil",35.9943406736,4.6660433622,
877,Berge-Farrell,34.2101872081,8.7931420626,
878,Haley-Goldner,39.1319079613,6.9884994245,
879,Bauch and Sons,35.1571751767,6.7583715952,
880,Effertz-Pollich,36.1953588617,4.774923046,
881,Stehr-Marks,36.9749780729,1.2789653044,
882,Bergnaum-Rippin,35.549002667,6.582750341,
883,Bergstrom Group,35.5814502014,8.5242376215,
884,Carroll Inc,35.9008438505,7.1986898959,
885,Feeney Group,39.7840648957,4.0479779688,
886,Franecki LLC,33.2305814979,7.6870965554,
887,"Rolfson, Hintz and Gibson",35.2699812919,4.0800108844,
888,"Kemmer, Runolfsson and Wilkinson",36.0962678594,7.8438138277,
889,Hauck and Sons,39.2849920817,2.547461435,
890,Schamberger-Keeling,36.6791198019,6.096259968,
891,Crist and Sons,35.0191717578,1.7836262751,
892,"Hickle, Dickinson and Leffler",39.9855123929,4.7130101997,
893,"Brakus, Hessel and Emard",32.5469887342,6.1281229565,
894,"Stanton, Waelchi and Schumm",36.2468413137,5.3199796921,
895,"Beahan, Zboncak and Becker",35.9279067979,8.5680298621,
896,Beer-Farrell,39.4016591764,6.2283894761,
897,MacGyver Inc,37.8506923279,8.9157564746,
898,MacGyver Inc,36.2157000285,1.0278731086,
899,Sanford-Lakin,39.6670992699,2.1315032493,
900,Nitzsche and Sons,35.5644193465,2.0758312474,
901,Walker Group,37.3274539775,5.0075359297,
902,Brekke-Gottlieb,33.0939561137,4.8411374621,
903,"Carter, Balistreri and Krajcik",33.0858744613,1.8637811231,
904,Herman-Stehr,33.7485423511,7.7300638897,
905,Konopelski-Auer,37.837553285,4.7337757768,
906,Altenwerth-Lynch,32.3863166229,3.9073948212,
907,Nolan-Pollich,32.3125732384,2.2307147473,
908,Weissnat-Doyle,38.653802464,6.5984966714,
909,Connelly-Collier,33.773171166,7.4324997675,
910,Olson Group,37.577002712,1.1450886425,
911,Stiedemann-Leannon,33.0358411784,3.4119137402,
912,Price-Toy,33.8644077796,4.3767016287,
913,Flatley-Labadie,37.3266029655,2.4744496147,
914,Gutmann Inc,33.3856699948,3.1736077138,
915,Bauch Inc,34.8459378007,8.6291180897,
916,"Howell, Johnson and Moen",37.7508020247,8.7419470229,
917,Spencer-Leannon,38.7688179359,5.1248247379,
918,"Kuhlman, Breitenberg and Considine",38.6867910525,2.3189221314,
919,Bogisich-Huels,39.5463024692,8.5409193795,
920,Leuschke-Waters,38.6811186381,6.6787899985,
921,Braun-O'Hara,33.8017486436,2.3718008797,
922,Goyette-Jerde,35.8966990562,2.6336133043,
923,"Huels, Wyman and Collins",37.9439998253,2.3516782455,
924,Schmitt-Monahan,33.9828417882,4.3385540263,
925,"Zulauf, Rogahn and Stoltenberg",34.2806625271,4.9719250619,
926,Rau and Sons,37.6149552846,3.7648734285,
927,Kassulke Inc,32.9769667685,5.5891386176,
928,Kutch Inc,32.9303820198,5.9281457291,
929,Schinner-Bruen,35.6178150987,6.8314200591,
930,Rolfson Inc,35.3909861313,6.7553989955,
931,Turcotte-Reynolds,39.6385710713,5.373143615,
932,Johnson and Sons,39.9898212358,2.1611197331,
933,O'Hara Inc,35.8870408464,6.4518582876,
934,Harris Inc,38.092213405,1.7584998551,
935,Kemmer Inc,37.7163464394,7.5201325223,
936,Witting-Swift,33.9142462031,5.2153926104,
937,Stroman-Little,32.8993805526,6.9559592876,
938,Murphy Inc,36.5148314798,6.1367331781,
939,"Lang, Runolfsson and Blick",33.3099596467,2.0607814383,
940,Schimmel-Rice,35.6973434279,6.9794278848,
941,"Lindgren, Wisoky and Hayes",37.9508073228,4.5131965808,
942,Mosciski LLC,38.1935741444,6.2023294593,
943,"Murphy, King and Cremin",36.7162107968,5.0987293697,
944,Fahey Group,32.6219753704,1.2628905733,
945,Carter LLC,36.329063519,4.4251889768,
946,Dach-Kozey,37.5786753748,7.2501922592,
947,Hartmann-Thompson,35.7218923964,5.3616447257,
948,Zemlak-Ernser,36.190836312,4.7297491804,
949,"Goldner, Deckow and King",35.0315525039,3.4524960255,
950,"Boyer, Breitenberg and Crist",39.9775566971,4.5996511727,
951,"Labadie, Daugherty and Kerluke",32.3568776799,3.566183548,
952,Dooley LLC,34.2715988067,3.3618989352,
953,Jenkins-Gulgowski,32.42412314,3.3809567094,
954,"Hickle, Bogisich and Dibbert",37.0256058875,6.133882273,
955,"Thiel, Wisoky and Jast",34.2632661804,8.1895528614,
956,Gottlieb and Sons,34.8604351568,6.0963928029,
957,"Hermiston, Collier and Upton",33.8226677226,6.7195695294,
958,Ryan LLC,33.5414232747,3.1657722125,
959,Lesch-Rolfson,33.9971104903,4.0494851156,
960,Gusikowski-Daugherty,32.6297196301,1.5378757101,
961,Herman-Schuster,39.1778946857,4.9729342225,
962,Bashirian-Stoltenberg,37.6169616481,4.7573589869,
963,Kris-Moen,38.9412779181,1.2884999207,
964,Turcotte-Hayes,32.954604882,8.3529963699,
965,"Hintz, Mraz and Baumbach",35.1148445821,3.5576116351,
966,Bauch-Haley,33.8169354153,1.5258983065,
967,Funk-Auer,33.4208476589,2.4255680507,
968,"O'Kon, Witting and Rohan",38.3614988714,6.7605901133,
969,"Kub, Friesen and Welch",34.4527931539,5.7479923689,
970,"Schowalter, Bernhard and Murray",39.0894689919,7.9888079742,
971,"Davis, Rogahn and Okuneva",37.8772291503,6.0061539724,
972,Koelpin-Ondricka,37.1850313646,8.2810884011,
973,Abbott Inc,35.6301439965,6.6609039192,
974,Gleichner-Langosh,33.7179272533,1.7093075477,
975,Miller LLC,38.4702418022,8.411880936,
976,Gibson and Sons,39.3682356282,2.0829641089,
977,Lebsack-White,35.9476093868,1.7829054149,
978,Fadel-Rolfson,33.6556410011,2.8925049495,
979,Fisher and Sons,32.2303376826,3.6459406733,
980,Morar-Hettinger,37.8605038442,8.5236137674,
981,Davis-Hoppe,33.8988432988,6.5721508381,
982,Raynor-Denesik,34.6934114048,3.4920051696,
983,Jakubowski-Koepp,35.37706929,1.1612748246,
984,Brakus Group,39.6750242089,5.8409708649,
985,Okuneva Group,37.5540084494,1.2766151345,
986,Will-Romaguera,37.1221710693,3.9990769415,
987,"Heaney, Schulist and Swift",32.994621126,7.5545388566,
988,Wiza Group,38.5545951676,6.0009270151,
989,Jacobs-Purdy,34.8504674464,8.0259808267,
990,Ullrich and Sons,36.6685963118,3.4079067082,
991,Towne-Turcotte,39.9191599874,1.2504257607,
992,Bode-Hirthe,38.7639340126,8.0684356869,
993,Corkery-Marks,32.7263763478,6.6462746985,
994,"Rosenbaum, Effertz and Dooley",38.6102693372,8.2157290529,
995,Wolff Inc,32.3851570979,1.6460747979,
996,"Brakus, Labadie and Price",38.053931745,1.7124508261,
997,Carroll-Mertz,38.2530190718,8.550235473,
998,Schinner LLC,32.2969188322,5.914605428,
999,"Crist, Jaskolski and Rosenbaum",34.0471006813,5.0073126144,
1000,Quitzon-Rolfson,33.8871497062,1.0523496944,
1001,"Emmerich, Crona and Gulgowski",34.9117683282,5.3646435662,
1002,Gerhold and Sons,39.9423366806,1.44023204,
1003,Koelpin-Ratke,39.3693384742,1.1392368836,
1004,Haley-Hyatt,37.3943854853,5.0812281996,
1005,Barton-Gibson,32.8383795878,7.0313397482,
1006,Schinner-MacGyver,34.9538848098,4.8275191676,
1007,Wilkinson-Homenick,37.6337130459,1.1117795353,
1008,Dicki-Hauck,37.0090290368,4.6756440467,
1009,"Sanford, Mosciski and Gleason",37.8641234286,3.0910413131,
1010,Keebler-Torphy,38.659541688,1.4429539761,
1011,"Murazik, Wehner and Streich",39.629956517,5.5103695837,
1012,Stamm-Koss,33.1758814854,7.2158664182,
1013,"Armstrong, Mertz and Renner",38.5169966175,7.7265165066,
1014,"Prosacco, Dach and Wiza",37.4163165192,1.9373334897,
1015,Padberg LLC,38.2563450108,4.1873931241,
1016,"Bins, Kilback and Ledner",39.7146727022,2.0273610469,
1017,Dicki-Marquardt,36.1172887159,4.5325396484,
1018,Stamm-Cassin,36.089166377,7.5553360023,
1019,"Zulauf, Lind and Lindgren",36.5680311458,2.1344981718,
1020,"Lakin, Gislason and Bartell",34.9137510136,3.0937607095,
1021,Wiegand-Koelpin,37.9335888839,3.7782989492,
1022,O'Keefe Inc,38.6758737794,7.6147761008,
1023,Funk-Langworth,38.5906054295,4.1552772741,
1024,Waelchi Inc,34.9448523061,7.5735430963,
1025,Mertz and Sons,33.0267626688,7.1540806221,
1026,"McGlynn, Baumbach and Wiza",35.7414889531,8.5248949128,
1027,Howell and Sons,36.8244436856,2.2151583026,
1028,Langosh-Runte,36.6993017252,1.9648687841,
1029,Jakubowski-Oberbrunner,32.5893145654,3.641156301,
1030,Murray Group,34.3671330989,1.4183252353,
1031,Muller and Sons,33.8890531518,1.2687325049,
1032,Pfannerstill Inc,39.5029393496,3.6790851503,
